film,gross,year,budget_usd,n_cues,emo_valence,emo_energy,emo_tension,emo_anger,emo_fear,emo_happy,emo_sad,emo_tender,emo_valence_x_energy,emo_negative_mean,emo_positive_mean,genre_action,genre_drama,genre_comedy,genre_sci-fi,genre_romance,genre_horror,in-domain__emotion_route__f1,in-domain__emotion_route__jaccard,in-domain__emotion_route__hamming_accuracy,in-domain__emotion_route__exact_match,in-domain__emotion_route__ranking_ap,in-domain__emotion_route__prob_margin,in-domain__direct_audio_(VGGish)__f1,in-domain__direct_audio_(VGGish)__jaccard,in-domain__direct_audio_(VGGish)__hamming_accuracy,in-domain__direct_audio_(VGGish)__exact_match,in-domain__direct_audio_(VGGish)__ranking_ap,in-domain__direct_audio_(VGGish)__prob_margin,in-domain__PCA-8_control__f1,in-domain__PCA-8_control__jaccard,in-domain__PCA-8_control__hamming_accuracy,in-domain__PCA-8_control__exact_match,in-domain__PCA-8_control__ranking_ap,in-domain__PCA-8_control__prob_margin,in-domain__MIR-140__f1,in-domain__MIR-140__jaccard,in-domain__MIR-140__hamming_accuracy,in-domain__MIR-140__exact_match,in-domain__MIR-140__ranking_ap,in-domain__MIR-140__prob_margin,zero-shot__emotion_route__f1,zero-shot__emotion_route__jaccard,zero-shot__emotion_route__hamming_accuracy,zero-shot__emotion_route__exact_match,zero-shot__emotion_route__ranking_ap,zero-shot__emotion_route__prob_margin,zero-shot__direct_audio_(VGGish)__f1,zero-shot__direct_audio_(VGGish)__jaccard,zero-shot__direct_audio_(VGGish)__hamming_accuracy,zero-shot__direct_audio_(VGGish)__exact_match,zero-shot__direct_audio_(VGGish)__ranking_ap,zero-shot__direct_audio_(VGGish)__prob_margin,zero-shot__PCA-8_control__f1,zero-shot__PCA-8_control__jaccard,zero-shot__PCA-8_control__hamming_accuracy,zero-shot__PCA-8_control__exact_match,zero-shot__PCA-8_control__ranking_ap,zero-shot__PCA-8_control__prob_margin
300_rise_of_an_empire,337580051.0,2014.0,110000000.0,33,2.7362888888888888,4.863042424242427,5.675061616161613,4.039485858585858,4.749760606060607,1.439282828282829,1.5846717171717177,1.3347535353535354,13.028471689158252,4.012244949494948,1.8367750841750843,1,1,0,0,0,0,0.39999999999999997,0.25,0.5,0.0,0.7000000000000001,0.04336051177220483,0.5633333333333334,0.4,0.7166666666666667,0.0,0.7683333333333333,0.30630610556706067,0.5,0.33333333333333337,0.6666666666666667,0.0,0.5683333333333334,0.12012373227803856,0.42000000000000004,0.26666666666666666,0.5333333333333333,0.0,0.7250000000000001,0.15969597292343432,0.4,0.25,0.5,0.0,0.75,0.07917970726915402,0.8,0.6666666666666666,0.8333333333333334,0.0,0.8333333333333333,0.24734979139202828,0.8,0.6666666666666666,0.8333333333333334,0.0,0.5833333333333333,0.275536606930024
aladdin,1054304000.0,2019.0,183000000.0,53,4.102261635220126,4.183681132075473,4.2440874213836475,2.3133182389937104,2.7675339622641513,2.3292974842767284,2.4873987421383648,2.6596937106918244,16.273252150838584,2.953084591194968,3.030417610062893,0,0,0,0,1,0,0.0,0.0,0.5,0.0,0.33333333333333337,0.033004213045357764,0.0,0.0,0.6333333333333334,0.0,0.3416666666666667,-0.014440502042512824,0.06666666666666667,0.05,0.6666666666666667,0.0,0.3416666666666667,-0.026550257893805808,0.13333333333333333,0.1,0.6833333333333333,0.0,0.34833333333333333,0.030969320580942362,0.0,0.0,0.6666666666666666,0.0,0.25,-0.01592131856802581,0.0,0.0,0.5,0.0,0.25,-0.0342873760591802,0.0,0.0,0.6666666666666666,0.0,0.25,0.04847337775151822
alita_battle_angel,404980543.0,2019.0,170000000.0,27,4.111911111111111,3.7246802469135822,4.193527160493828,2.5606345679012343,3.055079012345679,1.8585641975308635,2.825685185185185,2.938086419753086,14.189147193703711,3.1587314814814818,2.969520576131686,1,0,0,1,0,0,0.0,0.0,0.45,0.0,0.35833333333333334,-0.14627331519820244,0.4133333333333334,0.2633333333333333,0.5,0.0,0.6366666666666667,0.06645787893490895,0.3933333333333333,0.2533333333333333,0.55,0.0,0.5250000000000001,0.03972433354495507,0.7600000000000001,0.6333333333333333,0.7666666666666668,0.2,0.875,0.24199030837345173,0.5,0.3333333333333333,0.6666666666666666,0.0,0.8333333333333333,0.04349630805830479,0.0,0.0,0.5,0.0,0.5833333333333333,0.02278967294820472,0.0,0.0,0.5,0.0,0.5833333333333333,0.046933961970949456
annabelle,257589952.0,2014.0,6500000.0,42,2.875615079365079,4.361938095238096,5.409452380952378,3.377025396825397,4.757706349206349,1.4314230158730155,1.9097111111111116,1.660646825396825,11.846557089074073,3.8634738095238093,1.9892283068783068,0,0,0,0,0,1,0.4966666666666667,0.33333333333333337,0.65,0.0,0.95,0.5902966355043073,0.6833333333333333,0.5333333333333333,0.8333333333333334,0.1,1.0,0.6444758501820227,0.65,0.4833333333333334,0.8166666666666667,0.0,1.0,0.37783568819053953,0.65,0.4833333333333333,0.8166666666666667,0.0,0.95,0.33954628140319276,0.5,0.3333333333333333,0.6666666666666666,0.0,0.3333333333333333,0.1660691061098567,0.5,0.3333333333333333,0.6666666666666666,0.0,0.3333333333333333,0.12216333600842821,0.5,0.3333333333333333,0.6666666666666666,0.0,0.3333333333333333,0.1864402110616017
antman,519311965.0,2015.0,130000000.0,54,3.1945604938271623,5.056383333333334,5.311299999999996,3.6458185185185177,3.6536654320987676,1.9866129629629625,1.651734567901234,1.4301024691358024,15.943601719465034,3.565629629629629,2.2037586419753086,1,0,1,1,0,0,1.0,1.0,1.0,1.0,1.0,0.7367671601558462,1.0,1.0,1.0,1.0,1.0,0.5628444718644368,1.0,1.0,1.0,1.0,1.0,0.48538820094059815,0.7799999999999999,0.6666666666666667,0.8333333333333333,0.2,0.9833333333333332,0.3413863250247389,0.6666666666666666,0.5,0.6666666666666666,0.0,0.7222222222222222,0.03168959923569853,0.4,0.25,0.5,0.0,0.8055555555555555,0.12962662518424278,0.4,0.25,0.5,0.0,0.6388888888888888,0.11861025967407812
antman_and_the_wasp,622674139.0,2018.0,162000000.0,53,3.4575710691823898,4.595295597484276,5.01978113207547,3.4576283018867913,3.5353125786163533,1.8883786163522012,2.03719748427673,1.8262874213836473,15.208824429685544,3.512479874213836,2.3907457023060794,1,0,1,1,0,0,0.8799999999999999,0.8,0.9,0.4,1.0,0.5516794238016633,0.9800000000000001,0.9666666666666666,0.9833333333333334,0.9,1.0,0.6307171489777114,0.96,0.9333333333333332,0.9666666666666668,0.8,1.0,0.38276798601517337,0.7866666666666666,0.65,0.8166666666666667,0.0,0.8655555555555556,0.14707966129588207,0.6666666666666666,0.5,0.6666666666666666,0.0,0.7222222222222222,0.020137742129897607,0.4,0.25,0.5,0.0,0.8055555555555555,0.10107055479858745,0.4,0.25,0.5,0.0,0.6388888888888888,0.0987765753684765
aquaman,1152028393.0,2018.0,160000000.0,65,3.682675897435898,4.296444615384616,4.804101538461538,3.1063153846153844,3.5225092307692307,1.8159199999999993,2.4678738461538456,2.051974358974358,15.033800172547023,3.4752,2.5168567521367513,1,0,0,1,0,0,1.0,1.0,1.0,1.0,1.0,0.49762309752958594,0.9800000000000001,0.9666666666666668,0.9833333333333332,0.9,1.0,0.5322644871643769,0.8699999999999999,0.8,0.9,0.5,0.9583333333333333,0.3160067461421107,1.0,1.0,1.0,1.0,1.0,0.32543358281467993,0.8,0.6666666666666666,0.8333333333333334,0.0,0.8333333333333333,0.11632306889921801,0.5,0.3333333333333333,0.6666666666666666,0.0,0.5,0.08007063043337309,0.5,0.3333333333333333,0.6666666666666666,0.0,0.5,0.04062900172992934
avengers_age_of_ultron,1405018048.0,2015.0,250000000.0,55,3.4449387878787876,4.473259393939396,5.077483030303027,3.783305454545456,3.7316224242424236,1.6069763636363636,2.3558272727272724,1.8242248484848482,14.542582510808089,3.7370595454545454,2.2920466666666663,1,0,0,1,0,0,1.0,1.0,1.0,1.0,1.0,0.7747010713091097,1.0,1.0,1.0,1.0,1.0,0.741175891255416,1.0,1.0,1.0,1.0,1.0,0.5130916834173556,1.0,1.0,1.0,1.0,1.0,0.45951667292871096,0.8,0.6666666666666666,0.8333333333333334,0.0,1.0,0.1826393758321493,0.5,0.3333333333333333,0.6666666666666666,0.0,0.5833333333333333,0.15652431909737458,0.5,0.3333333333333333,0.6666666666666666,0.0,0.5,0.0968877614322558
avengers_endgame,2799439100.0,2019.0,356000000.0,84,3.6865392857142867,4.110068650793649,4.685406349206347,3.058069444444443,3.3311123015873014,1.7880619047619046,2.627130555555555,2.1060845238095234,14.27400763649471,3.4254296626984133,2.5268952380952383,1,1,0,1,0,0,0.7999999999999999,0.6666666666666667,0.8333333333333333,0.0,0.9916666666666666,0.39618139450308865,0.7999999999999999,0.6666666666666667,0.8333333333333333,0.0,0.8716666666666668,0.3778032377682809,0.7999999999999999,0.6666666666666667,0.8333333333333333,0.0,0.8566666666666667,0.184056874469775,0.7999999999999999,0.6666666666666667,0.8333333333333333,0.0,0.9833333333333332,0.26935946360710145,0.6666666666666666,0.5,0.6666666666666666,0.0,0.8055555555555555,0.1054991781020232,0.8,0.6666666666666666,0.8333333333333334,0.0,1.0,0.17252959351068858,0.8,0.6666666666666666,0.8333333333333334,0.0,0.9166666666666666,0.19809720371248057
avengers_infinity_war,2052415039.0,2018.0,400000000.0,55,3.392952121212121,4.33215696969697,5.039144242424238,3.7369515151515147,3.6477260606060606,1.5340612121212118,2.4503527272727275,1.8419412121212122,13.716989533070718,3.7185436363636346,2.256318181818182,1,0,0,1,0,0,1.0,1.0,1.0,1.0,1.0,0.7614463584654602,1.0,1.0,1.0,1.0,1.0,0.6365601009558542,1.0,1.0,1.0,1.0,1.0,0.4907798939211908,1.0,1.0,1.0,1.0,1.0,0.40194722713459113,0.8,0.6666666666666666,0.8333333333333334,0.0,1.0,0.18016123812865692,0.5,0.3333333333333333,0.6666666666666666,0.0,0.5833333333333333,0.11318436137766336,0.5,0.3333333333333333,0.6666666666666666,0.0,0.5,0.08298450334443691
beauty_and_the_beast,1266115964.0,2017.0,160000000.0,38,4.369362280701756,4.061229824561406,3.961821929824561,1.8248684210526311,2.404540350877194,2.741683333333332,2.550634210526315,2.86873245614035,17.38644826239767,2.6854662280701764,3.326592690058479,0,0,0,0,1,0,0.5,0.33333333333333337,0.6666666666666667,0.0,0.4333333333333334,0.2946565140718542,0.41666666666666663,0.2833333333333333,0.6500000000000001,0.0,0.6666666666666666,0.3337463437095766,0.5166666666666666,0.35000000000000003,0.6833333333333335,0.0,0.6166666666666667,0.2264970399558579,0.6,0.4333333333333334,0.7666666666666667,0.0,0.4833333333333334,0.28933085158312,0.5,0.3333333333333333,0.6666666666666666,0.0,0.5,0.04998613467265234,0.0,0.0,0.5,0.0,0.3333333333333333,0.06151522852005986,0.5,0.3333333333333333,0.6666666666666666,0.0,0.5,0.22366387216137162
black_mass,99975678.0,2015.0,53000000.0,7,4.01972857142857,3.5989857142857145,4.290809523809527,1.881252380952381,3.146780952380953,1.9552428571428564,2.8428238095238103,2.5425476190476184,14.261689780634919,3.040416666666668,2.8391730158730155,0,1,0,0,0,0,0.5666666666666667,0.4,0.7333333333333332,0.0,1.0,0.565064889764112,0.6333333333333333,0.4833333333333334,0.7833333333333334,0.1,1.0,0.3531442071399823,0.54,0.375,0.7,0.0,0.6666666666666666,0.27404597542462367,0.44000000000000006,0.29166666666666663,0.6333333333333334,0.0,0.4833333333333332,0.16016006852000247,0.0,0.0,0.6666666666666666,0.0,0.5,0.0391412329802483,1.0,1.0,1.0,1.0,1.0,0.2682177806428463,0.6666666666666666,0.5,0.8333333333333334,0.0,1.0,0.2852536567172051
blended,128006208.0,2014.0,,35,3.9300304761904767,4.508584761904762,4.420330476190475,2.0246171428571427,2.7345228571428573,2.6327304761904755,2.1008399999999994,2.1685066666666657,17.6195526964762,2.8200776190476184,2.9104225396825405,0,0,1,0,1,0,0.6966666666666667,0.5666666666666667,0.8166666666666668,0.2,0.8999999999999998,0.4545023012921649,0.9600000000000002,0.9333333333333332,0.9666666666666668,0.8,1.0,0.6337077930770973,0.9400000000000001,0.8999999999999998,0.9500000000000002,0.7,1.0,0.44786017992117955,0.76,0.65,0.85,0.3,0.9166666666666666,0.5130114061177827,0.0,0.0,0.3333333333333333,0.0,0.3666666666666667,-0.0028108286283460293,0.0,0.0,0.5,0.0,0.41666666666666663,0.02548858685000266,0.0,0.0,0.5,0.0,0.5833333333333333,0.11513879267371024
bohemian_rhapsody,911084758.0,2018.0,,55,3.46848181818182,4.7247284848484865,4.870286666666667,2.5658236363636364,3.255943030303029,2.300333939393937,1.8216193939393936,1.8162212121212113,16.134543727595965,3.128418181818181,2.528345656565657,0,1,0,0,0,0,0.0,0.0,0.6666666666666667,0.0,0.26666666666666666,-0.13420447393387364,0.0,0.0,0.4833333333333333,0.0,0.30333333333333334,-0.13927533051921173,0.0,0.0,0.5666666666666667,0.0,0.29166666666666663,-0.048866087375437746,0.0,0.0,0.5833333333333333,0.0,0.21333333333333332,-0.1751583539181293,0.0,0.0,0.5,0.0,0.25,-0.004462101786215977,0.6666666666666666,0.5,0.8333333333333334,0.0,1.0,0.17252963895537626,1.0,1.0,1.0,1.0,1.0,0.3097067162195165
captain_america_civil_war,1155046416.0,2016.0,250000000.0,48,3.4795652777777786,4.387668750000002,4.952861111111108,3.3809784722222216,3.6025708333333335,1.7503972222222215,2.333330555555555,1.8384263888888885,14.449362908541678,3.5674352430555554,2.3561296296296304,1,0,0,1,0,0,1.0,1.0,1.0,1.0,1.0,0.5933216009910153,1.0,1.0,1.0,1.0,1.0,0.639598585227269,1.0,1.0,1.0,1.0,1.0,0.4034384591443276,1.0,1.0,1.0,1.0,1.0,0.335277931056028,0.8,0.6666666666666666,0.8333333333333334,0.0,0.8333333333333333,0.13813448748812718,0.8,0.6666666666666666,0.8333333333333334,0.0,0.5833333333333333,0.13601410926242014,0.8,0.6666666666666666,0.8333333333333334,0.0,0.5833333333333333,0.15332771474548418
captain_america_the_winter_soldier,714421503.0,2014.0,170000000.0,37,3.35115945945946,4.392018018018018,5.085085585585584,3.4090657657657655,3.9410774774774793,1.5661810810810808,2.2237927927927927,1.8057423423423422,13.944973571111115,3.6647554054054043,2.241027627627627,1,0,0,1,0,0,1.0,1.0,1.0,1.0,1.0,0.5273747554830495,1.0,1.0,1.0,1.0,1.0,0.6183142178459213,1.0,1.0,1.0,1.0,1.0,0.4170706880173851,0.9400000000000001,0.9,0.95,0.7,1.0,0.35106461408502543,0.8,0.6666666666666666,0.8333333333333334,0.0,1.0,0.18266227715728445,0.5,0.3333333333333333,0.6666666666666666,0.0,0.5833333333333333,0.13522128156751945,0.5,0.3333333333333333,0.6666666666666666,0.0,0.5,0.10656152533450669
captain_marvel,1131416446.0,2019.0,152000000.0,45,3.532209629629631,4.161488148148148,4.930719999999998,3.2500422222222216,3.740490370370371,1.5876155555555556,2.56564962962963,1.9447229629629628,14.053787823209879,3.621725555555554,2.35484938271605,1,0,0,1,0,0,1.0,1.0,1.0,1.0,1.0,0.5960203413012953,1.0,1.0,1.0,1.0,1.0,0.7510122074343774,1.0,1.0,1.0,1.0,1.0,0.49347012204557394,0.9333333333333332,0.9,0.9666666666666668,0.8,1.0,0.2854646719999804,0.8,0.6666666666666666,0.8333333333333334,0.0,1.0,0.16697191788408972,0.8,0.6666666666666666,0.8333333333333334,0.0,0.5833333333333333,0.19260785276831555,0.5,0.3333333333333333,0.6666666666666666,0.0,0.5833333333333333,0.15283898587168265
chappaquiddick,18263470.0,2018.0,,24,4.536252777777777,3.2326944444444448,3.599513888888889,1.6024611111111111,2.4806222222222223,1.8600569444444437,3.391230555555554,3.482529166666667,14.234855752129628,2.7684569444444445,3.292946296296296,0,1,0,0,0,0,0.6500000000000001,0.4833333333333334,0.8166666666666667,0.0,1.0,0.64884330363752,0.7666666666666667,0.65,0.8833333333333332,0.3,1.0,0.7094283327577543,0.6166666666666667,0.4666666666666667,0.7666666666666667,0.1,1.0,0.4364827635148303,0.9166666666666667,0.8833333333333334,0.95,0.8,1.0,0.593166834970021,1.0,1.0,1.0,1.0,1.0,0.11491594797838833,0.6666666666666666,0.5,0.8333333333333334,0.0,1.0,0.25534377876274084,0.5,0.3333333333333333,0.6666666666666666,0.0,1.0,0.2899511425058483
christopher_robin,197744825.0,2018.0,75000000.0,29,5.088605747126435,3.6213022988505763,3.132543678160919,1.3024735632183906,1.58666091954023,2.901095402298851,3.1048436781609183,3.750718390804598,17.937283160957858,2.2816304597701147,3.9134731800766263,0,1,1,0,0,0,0.7699999999999999,0.6333333333333334,0.8166666666666667,0.0,0.6083333333333332,0.4266311019189418,0.7166666666666667,0.5833333333333334,0.8,0.1,0.8499999999999999,0.36353699348667795,0.71,0.5666666666666667,0.7833333333333333,0.0,0.7749999999999998,0.31806457603556554,0.53,0.3666666666666667,0.6833333333333333,0.0,0.5916666666666666,0.17464226139754008,0.8,0.6666666666666666,0.8333333333333334,0.0,1.0,0.19764935763164188,1.0,1.0,1.0,1.0,1.0,0.2535557959483058,0.8,0.6666666666666666,0.8333333333333334,0.0,1.0,0.3100813533909289
cinderella,542358331.0,2015.0,95000000.0,43,4.914950387596897,4.07054031007752,3.4988046511627915,1.4741674418604649,1.8174232558139536,3.315205426356589,2.480019379844961,3.202631007751938,19.53312060751939,2.317603682170543,3.810928940568473,0,1,0,0,1,0,0.7999999999999999,0.6666666666666667,0.8333333333333333,0.0,0.5833333333333331,0.39071058249218404,0.62,0.4666666666666667,0.6833333333333333,0.0,0.7166666666666666,0.1825312174437077,0.49000000000000005,0.36666666666666664,0.6,0.0,0.5416666666666666,0.10313087820683486,0.4033333333333333,0.275,0.55,0.0,0.49916666666666665,0.0443621651623704,0.8,0.6666666666666666,0.8333333333333334,0.0,0.5833333333333333,0.18263537462022028,1.0,1.0,1.0,1.0,1.0,0.1921745661550313,0.8,0.6666666666666666,0.8333333333333334,0.0,1.0,0.28257451723478955
collateral_beauty,88616021.0,2016.0,,30,4.678783333333333,3.146086666666668,3.4672533333333337,1.5215633333333336,2.2449166666666662,1.9145066666666666,3.597275555555554,3.526146666666665,14.394970332703705,2.7077522222222212,3.3731455555555554,0,1,0,0,1,0,0.96,0.9333333333333332,0.9666666666666668,0.8,1.0,0.7340440056977892,0.8333333333333334,0.75,0.9166666666666666,0.5,0.975,0.4063357136493244,0.8466666666666667,0.7666666666666667,0.9166666666666666,0.5,0.9416666666666667,0.36000100447961914,0.6666666666666667,0.5,0.8333333333333333,0.0,0.8383333333333333,0.3186535774060699,1.0,1.0,1.0,1.0,1.0,0.09961082825892514,0.5,0.3333333333333333,0.6666666666666666,0.0,0.7,0.14501079269760475,0.5,0.3333333333333333,0.6666666666666666,0.0,0.75,0.17717162135370845
crazy_rich_asians,239343729.0,2018.0,,63,4.3083322751322735,4.232909523809526,3.9847698412698405,1.7570687830687834,2.2848206349206346,2.745887830687829,2.3975544973544967,2.7551677248677247,17.571329290370382,2.6060534391534405,3.26979594356261,0,1,1,0,1,0,1.0,1.0,1.0,1.0,1.0,0.611829742706099,0.96,0.9333333333333333,0.9666666666666666,0.8,1.0,0.5183332683370587,0.9400000000000001,0.9,0.95,0.7,1.0,0.30815008370739133,0.86,0.7666666666666668,0.8833333333333332,0.3,1.0,0.5290274790517662,1.0,1.0,1.0,1.0,1.0,0.10743998812953781,0.8,0.6666666666666666,0.8333333333333334,0.0,0.9166666666666666,0.17639596877023267,1.0,1.0,1.0,1.0,1.0,0.34804352024372054
creed,174178883.0,2015.0,35000000.0,35,3.8139171428571434,4.0577161904761905,4.489436190476188,2.6269333333333327,3.2875847619047622,1.903129523809523,2.5149266666666668,2.4206133333333333,14.748037285238102,3.229720238095238,2.7125533333333323,0,1,0,0,0,0,1.0,1.0,1.0,1.0,1.0,0.25824656984998523,0.0,0.0,0.4666666666666666,0.0,0.24000000000000005,-0.09517832709561219,0.0,0.0,0.4,0.0,0.24500000000000002,-0.06147683218959098,0.5666666666666667,0.45,0.8166666666666668,0.1,0.675,0.11059178139070105,0.0,0.0,0.5,0.0,0.25,0.017653212085505743,0.6666666666666666,0.5,0.8333333333333334,0.0,1.0,0.16039385769610093,0.6666666666666666,0.5,0.8333333333333334,0.0,1.0,0.2887957664285435
doctor_strange,677796833.0,2016.0,165000000.0,60,3.2813772222222233,4.484706666666669,5.152559444444443,3.6423933333333327,3.9492655555555567,1.593858888888889,2.183255,1.7410338888888894,13.923881387203718,3.731868333333333,2.2054233333333335,1,0,0,1,0,0,1.0,1.0,1.0,1.0,1.0,0.6503247747541241,1.0,1.0,1.0,1.0,1.0,0.3528412876409802,1.0,1.0,1.0,1.0,1.0,0.2613383116318593,1.0,1.0,1.0,1.0,1.0,0.31243496657771586,0.8,0.6666666666666666,0.8333333333333334,0.0,1.0,0.19364444858057467,0.5,0.3333333333333333,0.6666666666666666,0.0,0.5833333333333333,0.09461993641527255,0.5,0.3333333333333333,0.6666666666666666,0.0,0.5833333333333333,0.10471935707092644
dora_and_the_lost_city_of_gold,120597108.0,2019.0,49000000.0,58,3.929198850574712,4.284205172413794,4.5117097701149405,2.594337931034483,3.022652298850573,2.2221137931034476,2.40760632183908,2.28280632183908,16.12998516850575,3.13407658045977,2.811372988505747,0,0,1,0,0,0,0.8,0.7,0.9,0.4,1.0,0.23457489722334635,0.0,0.0,0.4833333333333333,0.0,0.26666666666666666,-0.13580241772350798,0.0,0.0,0.4666666666666666,0.0,0.26166666666666666,-0.10666201959736651,0.4066666666666666,0.275,0.6333333333333333,0.0,0.4333333333333333,0.09601462453347984,0.0,0.0,0.6666666666666666,0.0,0.16666666666666666,-0.07735591821548488,0.0,0.0,0.6666666666666666,0.0,0.2,-0.04891231779164368,0.0,0.0,0.6666666666666666,0.0,0.25,-0.028614336381112493
dumb_and_dumber_to,169837010.0,2014.0,,30,4.062365555555556,4.460970000000001,4.274726666666667,1.8934966666666668,2.540764444444444,2.7195233333333317,2.132043333333333,2.335594444444444,17.909239010444455,2.7102577777777777,3.039161111111111,0,0,1,0,0,0,0.5166666666666666,0.35000000000000003,0.6833333333333333,0.0,1.0,0.6394775947024632,0.6500000000000001,0.4833333333333333,0.8166666666666667,0.0,1.0,0.6672412693591234,0.6333333333333334,0.4666666666666666,0.7999999999999999,0.0,1.0,0.48796604382602515,0.6666666666666667,0.5,0.8333333333333333,0.0,1.0,0.600535631261556,0.0,0.0,0.6666666666666666,0.0,0.25,0.004357132735063718,0.0,0.0,0.6666666666666666,0.0,0.5,0.05790289567818924,0.0,0.0,0.6666666666666666,0.0,0.3333333333333333,0.09728952505928079
dunkirk,549982398.0,2017.0,100000000.0,12,3.4503527777777774,3.7867555555555548,4.870872222222223,2.5309583333333334,4.066572222222222,1.4463222222222223,2.647627777777778,2.052130555555556,12.505905682592589,3.52900763888889,2.3162685185185183,1,1,0,0,0,0,0.53,0.3666666666666667,0.6833333333333335,0.0,0.7416666666666665,0.23838879019945333,0.7433333333333334,0.6166666666666667,0.7666666666666667,0.2,0.9,0.24299312111359334,0.62,0.45833333333333337,0.6666666666666667,0.0,0.6249999999999999,0.17859095709776798,0.9200000000000002,0.8666666666666666,0.9333333333333333,0.6,1.0,0.29875609928165836,0.4,0.25,0.5,0.0,0.75,0.08135166586651432,0.8,0.6666666666666666,0.8333333333333334,0.0,1.0,0.244355123334476,0.8,0.6666666666666666,0.8333333333333334,0.0,0.8333333333333333,0.28835840798183643
edge_of_tomorrow,381055527.0,2014.0,,26,3.113726923076923,4.184670512820513,5.277508974358971,3.667832051282051,4.365621794871796,1.2215602564102563,2.3469307692307693,1.5874102564102561,12.457349571324784,3.9144733974358976,1.974232478632479,1,0,0,1,0,0,0.7999999999999999,0.6666666666666667,0.8333333333333333,0.0,1.0,0.5735947129018568,0.9600000000000002,0.9333333333333332,0.9666666666666668,0.8,1.0,0.6331653311199181,1.0,1.0,1.0,1.0,1.0,0.36811303607679036,0.4666666666666667,0.30833333333333335,0.6,0.0,0.7166666666666666,0.1641340801814259,0.8,0.6666666666666666,0.8333333333333334,0.0,1.0,0.2665628250029748,0.8,0.6666666666666666,0.8333333333333334,0.0,1.0,0.3537610166137073,0.8,0.6666666666666666,0.8333333333333334,0.0,0.8333333333333333,0.37476922903027543
entourage,49263404.0,2015.0,,32,3.6451979166666684,4.520963541666668,4.653375,2.304078125,2.993763541666666,2.278579166666666,2.0388281249999993,2.054046874999999,16.197620354166677,2.997511197916667,2.659274652777778,0,1,1,0,0,0,0.7333333333333334,0.6,0.8666666666666666,0.2,0.925,0.34281394231054796,0.85,0.7833333333333333,0.9166666666666666,0.6,0.9666666666666666,0.427996335074999,0.6233333333333333,0.4866666666666667,0.6833333333333333,0.1,0.8116666666666665,0.141717784682328,0.6,0.4333333333333334,0.7666666666666667,0.0,0.765,0.3202852051701584,0.0,0.0,0.5,0.0,0.3333333333333333,-0.0241769027123101,0.5,0.3333333333333333,0.6666666666666666,0.0,0.8333333333333333,0.05485902499402262,0.6666666666666666,0.5,0.8333333333333334,0.0,0.75,0.2003902966980048
first_man,105713218.0,2018.0,59000000.0,31,3.839286021505376,3.963731182795699,4.5111215053763445,2.2458591397849457,3.2923698924731184,1.9308989247311827,2.6327870967741935,2.289489247311827,14.944396730179209,3.1705344086021507,2.686558064516129,0,1,0,0,0,0,0.8666666666666668,0.8,0.9333333333333332,0.6,1.0,0.42539389990171833,1.0,1.0,1.0,1.0,1.0,0.49508558987497436,0.8,0.7,0.9,0.4,1.0,0.29123152208257064,1.0,1.0,1.0,1.0,1.0,0.30214216942044253,0.0,0.0,0.5,0.0,0.25,0.02309330534101528,0.6666666666666666,0.5,0.8333333333333334,0.0,1.0,0.2278657400352358,0.6666666666666666,0.5,0.8333333333333334,0.0,1.0,0.2414010292356492
focus,159162963.0,2015.0,50100000.0,26,4.310029487179486,4.090175641025644,3.9370217948717956,1.7120358974358976,2.3187602564102567,2.609248717948717,2.5123294871794863,2.842308974358974,17.254301215000005,2.6200368589743595,3.2538623931623927,0,1,1,0,1,0,1.0,1.0,1.0,1.0,1.0,0.6337950332960254,0.85,0.7666666666666667,0.8833333333333334,0.4,1.0,0.6186072857209797,0.9,0.8333333333333334,0.9166666666666666,0.5,1.0,0.40837066984327147,0.86,0.7666666666666668,0.8833333333333332,0.3,1.0,0.44763778728607206,1.0,1.0,1.0,1.0,1.0,0.09638973275956486,0.5,0.3333333333333333,0.6666666666666666,0.0,0.9166666666666666,0.12174208323026786,0.5,0.3333333333333333,0.6666666666666666,0.0,1.0,0.2803013337445178
geostorm,221900160.0,2017.0,120000000.0,41,3.587431707317074,3.957482926829268,4.790265853658536,3.005985365853659,3.7217544715447155,1.5001430894308945,2.8122130081300805,2.0731861788617882,13.289491478184285,3.582554674796748,2.3869203252032523,1,0,0,1,0,0,0.82,0.7000000000000001,0.85,0.1,1.0,0.4443045485306952,1.0,1.0,1.0,1.0,1.0,0.5919302562413871,0.93,0.9,0.95,0.8,0.9833333333333332,0.3323534258272149,1.0,1.0,1.0,1.0,1.0,0.42383866428431594,0.8,0.6666666666666666,0.8333333333333334,0.0,1.0,0.15938702984144454,0.8,0.6666666666666666,0.8333333333333334,0.0,0.5833333333333333,0.18001342620705818,0.8,0.6666666666666666,0.8333333333333334,0.0,0.5833333333333333,0.1652928255099973
going_in_style,85218541.0,2017.0,,15,4.443811111111112,4.675413333333337,3.949877777777778,1.6002999999999998,2.063322222222222,3.317915555555556,2.035095555555555,2.4573911111111113,20.2637362151852,2.4121488888888885,3.4063725925925925,0,0,1,0,0,0,0.6666666666666667,0.5,0.8333333333333333,0.0,1.0,0.7204260074052012,0.6666666666666667,0.5166666666666667,0.8166666666666668,0.1,1.0,0.5608582730370479,1.0,1.0,1.0,1.0,1.0,0.4248430548591019,0.5166666666666666,0.35000000000000003,0.6833333333333333,0.0,1.0,0.45272150762255625,0.5,0.3333333333333333,0.6666666666666666,0.0,0.3333333333333333,0.08103336785935628,0.0,0.0,0.5,0.0,0.3333333333333333,-0.0018495749840529707,0.0,0.0,0.5,0.0,0.3333333333333333,0.0689877401403794
halloween_2018,259939869.0,2018.0,,36,3.641800925925926,4.586439814814817,4.725720370370369,2.617028703703704,3.3968055555555545,2.2775407407407413,1.8424768518518515,2.100175,16.19366418462964,3.1455078703703703,2.6731722222222216,0,0,0,0,0,1,0.0,0.0,0.6666666666666667,0.0,0.3283333333333333,-0.054716054363792274,0.0,0.0,0.5166666666666667,0.0,0.20166666666666666,-0.2780129726901826,0.0,0.0,0.4833333333333333,0.0,0.18,-0.2542207951495671,0.0,0.0,0.55,0.0,0.29,-0.029834677091307132,0.6666666666666666,0.5,0.8333333333333334,0.0,1.0,0.0712929024416275,0.0,0.0,0.3333333333333333,0.0,0.16666666666666666,-0.3397136120861941,0.0,0.0,0.3333333333333333,0.0,0.16666666666666666,-0.4043614370792033
happy_death_day,125479266.0,2017.0,4800000.0,39,3.2034444444444445,4.350863247863249,5.134676923076921,3.2141606837606824,4.159883760683761,1.478345299145299,2.207741025641025,1.893724786324786,12.979568520626783,3.679115598290598,2.1918381766381763,0,0,0,0,0,1,0.5833333333333334,0.4166666666666667,0.75,0.0,0.5,0.2705394641751841,0.7,0.6,0.8666666666666666,0.3,0.6833333333333333,0.16060913694976142,0.65,0.5,0.8,0.1,0.8333333333333333,0.10574170243405938,0.41666666666666663,0.2833333333333333,0.6500000000000001,0.0,0.4833333333333333,0.1340137727596956,0.5,0.3333333333333333,0.6666666666666666,0.0,0.3333333333333333,0.1329265107781783,0.0,0.0,0.6666666666666666,0.0,0.25,0.006431637815656754,0.0,0.0,0.5,0.0,0.25,-0.040398387257646995
hitman_agent_47,82347656.0,2015.0,35000000.0,31,3.198093548387096,4.324348387096776,5.139667741935481,3.320668817204301,4.340658064516131,1.3783451612903224,2.1577139784946238,1.7789268817204296,12.943971737455195,3.7396771505376343,2.1184551971326164,1,0,0,0,0,0,0.5833333333333334,0.41666666666666663,0.7499999999999999,0.0,0.85,0.4139204289481304,0.7666666666666668,0.65,0.8833333333333332,0.3,1.0,0.4641517415636264,0.75,0.6333333333333333,0.8666666666666666,0.3,1.0,0.2664483392811891,0.8333333333333333,0.75,0.9166666666666666,0.5,1.0,0.32897453231005336,0.5,0.3333333333333333,0.6666666666666666,0.0,1.0,0.19257106026552867,0.5,0.3333333333333333,0.6666666666666666,0.0,1.0,0.315532187517629,0.5,0.3333333333333333,0.6666666666666666,0.0,1.0,0.3197505248641658
horrible_bosses_2,107645357.0,2014.0,,29,3.3729724137931045,4.76628735632184,4.985763218390804,2.5592494252873554,3.347140229885057,2.189277011494252,1.7662379310344825,1.69303908045977,15.98546681578545,3.1645977011494244,2.4184295019157087,0,0,1,0,0,0,0.8333333333333334,0.75,0.9166666666666666,0.5,1.0,0.5490438670763547,0.6500000000000001,0.4999999999999999,0.7999999999999999,0.1,0.7833333333333333,0.43272890107163875,0.4966666666666667,0.33333333333333337,0.6500000000000001,0.0,0.6583333333333334,0.16546177602968032,0.6666666666666667,0.5,0.8333333333333333,0.0,0.95,0.3786597388761379,0.0,0.0,0.5,0.0,0.16666666666666666,-0.10222666190731228,0.0,0.0,0.3333333333333333,0.0,0.25,-0.021242885309772863,0.0,0.0,0.5,0.0,0.2,-0.029326228069733284
house_with_a_clock_in_its_walls,131523093.0,2018.0,42000000.0,45,4.290082962962961,3.9833696296296304,4.052779259259258,2.0802985185185183,2.6606022222222214,2.444351851851852,2.5528170370370384,2.8485622222222218,16.392825566197534,2.836624259259259,3.194332345679011,0,0,1,1,0,1,0.32,0.195,0.3666666666666667,0.0,0.51,-0.13805160370127023,0.3266666666666666,0.21666666666666665,0.5,0.0,0.6666666666666667,0.07765713000506316,0.39666666666666667,0.27499999999999997,0.5333333333333333,0.0,0.665,0.021691620612987815,0.3633333333333334,0.22333333333333333,0.4,0.0,0.6166666666666667,0.020847038204764516,0.0,0.0,0.3333333333333333,0.0,0.41111111111111115,-0.04405852111603942,0.0,0.0,0.3333333333333333,0.0,0.41111111111111115,-0.10243641250147578,0.0,0.0,0.3333333333333333,0.0,0.3833333333333333,-0.16824817591888958
how_to_be_single,112543513.0,2016.0,,25,3.987569333333334,4.395381333333335,4.338098666666667,1.9386960000000004,2.5816173333333334,2.5404666666666653,2.2351986666666654,2.371982666666667,17.178456989777782,2.773402666666666,2.9666728888888887,0,1,1,0,1,0,0.9399999999999998,0.9,0.95,0.7,1.0,0.5075153758259988,0.86,0.7666666666666668,0.8833333333333332,0.3,1.0,0.5902613659520622,0.96,0.9333333333333332,0.9666666666666668,0.8,1.0,0.41977405133683704,0.9400000000000001,0.8999999999999998,0.9500000000000002,0.7,1.0,0.6263920769515854,0.5,0.3333333333333333,0.6666666666666666,0.0,0.8055555555555555,0.03845225466850399,0.5,0.3333333333333333,0.6666666666666666,0.0,0.9166666666666666,0.14336138789942632,0.8,0.6666666666666666,0.8333333333333334,0.0,1.0,0.3296147997911575
in_the_heart_of_the_sea,94320758.0,2015.0,,23,3.5122623188405795,4.148475362318841,4.965924637681159,3.2138260869565207,3.7725536231884056,1.499573913043478,2.5797797101449276,1.876255072463768,13.903918466328506,3.633021014492752,2.2960304347826086,1,1,0,0,0,0,0.5,0.33333333333333337,0.6666666666666667,0.0,0.7999999999999998,0.2641891647471927,0.5666666666666667,0.4,0.7333333333333333,0.0,0.7483333333333333,0.2811731434528322,0.5,0.33333333333333337,0.6666666666666667,0.0,0.7749999999999999,0.23988491859012911,0.4800000000000001,0.3166666666666667,0.6333333333333334,0.0,0.7133333333333334,0.15161213848475902,0.4,0.25,0.5,0.0,0.75,0.08578339475480212,0.8,0.6666666666666666,0.8333333333333334,0.0,1.0,0.31545548274046725,0.8,0.6666666666666666,0.8333333333333334,0.0,1.0,0.3726715446540015
incredibles_2,1243225667.0,2018.0,200000000.0,53,3.705493710691825,5.162445283018872,4.737989937106916,2.3757924528301886,2.7440786163522013,3.023338993710692,1.6158213836477988,1.558594339622641,18.95812141551364,2.8684205974842762,2.7624756813417184,1,0,1,1,0,0,0.48,0.3166666666666667,0.6333333333333334,0.0,0.8277777777777778,0.30103538934607554,0.76,0.6333333333333334,0.8166666666666667,0.1,1.0,0.577461275870677,0.96,0.9333333333333333,0.9666666666666666,0.8,1.0,0.4363413900503291,0.55,0.39166666666666666,0.6833333333333333,0.0,0.8683333333333332,0.16352968150052152,0.0,0.0,0.16666666666666666,0.0,0.3833333333333333,-0.06018151170115821,0.0,0.0,0.3333333333333333,0.0,0.5555555555555555,-0.0230189307766121,0.4,0.25,0.5,0.0,0.7555555555555555,0.020174419514732422
interstellar,782967041.0,2014.0,165000000.0,40,3.9953824999999994,3.413791666666667,4.1978558333333345,2.066985,3.1973441666666673,1.60442,3.1069883333333332,2.7742166666666654,12.995575667666667,3.142293333333334,2.791339722222222,0,1,0,1,0,0,0.43,0.275,0.55,0.0,0.7433333333333334,0.20331647230460087,0.6133333333333334,0.4666666666666666,0.7166666666666668,0.1,0.7949999999999998,0.3016304489387761,0.59,0.4333333333333333,0.7166666666666667,0.0,0.5916666666666666,0.13351813017751155,0.45000000000000007,0.29166666666666663,0.5833333333333333,0.0,0.6766666666666666,0.0815347301239899,0.5,0.3333333333333333,0.6666666666666666,0.0,0.5833333333333333,0.04656973288019017,0.8,0.6666666666666666,0.8333333333333334,0.0,1.0,0.1560631153617575,0.8,0.6666666666666666,0.8333333333333334,0.0,1.0,0.1957662502295635
into_the_woods,212902959.0,2014.0,,47,3.924314184397163,4.09844680851064,4.380555319148938,1.9874801418439711,2.96118865248227,2.336214893617021,2.544047517730497,2.3598312056737583,15.906292208557922,2.9683179078014184,2.8734534278959813,0,1,1,0,0,0,0.7999999999999999,0.6666666666666667,0.8333333333333333,0.0,0.8833333333333332,0.34823696269442517,0.35666666666666663,0.25833333333333336,0.5333333333333333,0.0,0.4666666666666667,0.01988431373694281,0.5266666666666666,0.39999999999999997,0.6666666666666666,0.1,0.6533333333333332,0.12635670793325052,0.71,0.5666666666666667,0.7833333333333333,0.0,0.8333333333333333,0.4658498803609512,0.6666666666666666,0.5,0.8333333333333334,0.0,0.7,0.014956425095375148,0.0,0.0,0.5,0.0,0.41666666666666663,0.008007942825410175,0.5,0.3333333333333333,0.6666666666666666,0.0,0.7,0.060357296043450026
it_chapter_two,473123154.0,2019.0,180000000.0,93,3.1949770609318975,4.417511469534053,5.142998566308244,3.4555225806451615,4.193351971326166,1.6199125448028666,2.0850207885304664,1.9773046594982076,13.078216533966554,3.719223476702509,2.2640647550776576,0,1,0,0,0,1,0.42000000000000004,0.26666666666666666,0.5333333333333333,0.0,0.54,0.12557862549298537,0.7700000000000001,0.6749999999999999,0.85,0.4,0.9083333333333332,0.24417326268696496,0.8466666666666667,0.7666666666666666,0.9166666666666667,0.5,1.0,0.17065657842754955,0.39333333333333326,0.24500000000000002,0.4833333333333333,0.0,0.35583333333333333,-0.17440756016259795,0.4,0.25,0.5,0.0,0.41666666666666663,0.04516339761113203,0.5,0.3333333333333333,0.6666666666666666,0.0,0.75,0.05008840548711324,0.4,0.25,0.5,0.0,0.7,0.06648554448609273
johnny_english_strikes_again,158972570.0,2018.0,,32,3.676652083333333,4.811246875000003,4.809119791666665,2.7520447916666653,3.1875291666666667,2.3813416666666667,1.9191437500000001,1.7956312499999996,17.322814935000014,3.166959375,2.6178750000000006,1,0,1,0,0,0,0.96,0.9333333333333333,0.9666666666666666,0.8,1.0,0.5206038741083433,0.9666666666666668,0.95,0.9833333333333332,0.9,1.0,0.38268796920375003,0.9800000000000001,0.9666666666666668,0.9833333333333332,0.9,1.0,0.3125470663093347,0.9199999999999999,0.8666666666666668,0.9333333333333332,0.6,0.9666666666666666,0.2154218163577084,0.5,0.3333333333333333,0.6666666666666666,0.0,0.41666666666666663,-0.020949430535422753,0.5,0.3333333333333333,0.6666666666666666,0.0,0.5833333333333333,0.0920239928163411,0.5,0.3333333333333333,0.6666666666666666,0.0,0.5833333333333333,0.1358316677387828
jumanji_welcome_to_the_jungle,962544585.0,2017.0,90000000.0,58,3.5577833333333335,4.5049683908046,4.85346149425287,3.282923563218391,3.328325287356322,1.9129396551724138,2.2134839080459767,2.0426120689655174,14.947044451264377,3.4195485632183904,2.504445019157086,1,0,1,0,0,0,0.5,0.33333333333333337,0.6666666666666667,0.0,0.8333333333333333,0.3260993256476598,0.6799999999999999,0.5333333333333334,0.7666666666666666,0.0,0.6083333333333332,0.27888514298912154,0.74,0.6,0.7999999999999999,0.0,0.5833333333333331,0.3191128342357184,0.5,0.33333333333333337,0.6666666666666667,0.0,0.6366666666666666,0.1281064411060108,0.4,0.25,0.5,0.0,0.6666666666666666,-0.02543464094786374,0.5,0.3333333333333333,0.6666666666666666,0.0,0.5833333333333333,0.06437220733395965,0.0,0.0,0.5,0.0,0.5833333333333333,0.08400795209764716
jupiter_ascending,184287723.0,2015.0,176000000.0,40,3.3136183333333333,4.901104166666668,5.301340833333327,4.087669166666665,3.7287450000000013,1.8267100000000003,1.9482841666666677,1.454450833333333,15.749046831972226,3.7665097916666666,2.1982597222222218,1,0,0,1,0,0,0.7999999999999999,0.6666666666666667,0.8333333333333333,0.0,1.0,0.7285088417572203,0.96,0.9333333333333332,0.9666666666666668,0.8,1.0,0.7843293210069057,0.9199999999999999,0.8666666666666668,0.9333333333333332,0.6,1.0,0.5570342021692483,0.82,0.7,0.85,0.1,1.0,0.453938273301748,0.8,0.6666666666666666,0.8333333333333334,0.0,0.8333333333333333,0.18246649616224697,0.8,0.6666666666666666,0.8333333333333334,0.0,0.8333333333333333,0.15563146764893937,0.5,0.3333333333333333,0.6666666666666666,0.0,0.5833333333333333,0.11079872621266518
justice_league,661326987.0,2017.0,300000000.0,59,3.528758757062149,4.382682485875708,4.9306717514124285,3.377234463276835,3.5723395480225997,1.7144107344632769,2.3558005649717524,1.979281920903955,14.656629628361596,3.559011581920903,2.4074838041431255,1,0,0,1,0,0,1.0,1.0,1.0,1.0,1.0,0.6316005407580525,1.0,1.0,1.0,1.0,1.0,0.44772084217552804,1.0,1.0,1.0,1.0,1.0,0.42501531651939706,0.9,0.85,0.95,0.7,1.0,0.19455562445009028,0.8,0.6666666666666666,0.8333333333333334,0.0,0.8333333333333333,0.13134898238631887,0.5,0.3333333333333333,0.6666666666666666,0.0,0.5833333333333333,0.09028796001094191,0.5,0.3333333333333333,0.6666666666666666,0.0,0.5833333333333333,0.07158153524563227
king_arthur_legend_of_the_sword,149175066.0,2017.0,,60,3.0046388888888886,4.804572777777779,5.420755555555552,3.3591683333333338,4.246819999999999,1.6223744444444441,1.735933333333334,1.4430022222222219,14.200300295351855,3.690669305555556,2.0233385185185178,1,1,0,0,0,0,0.41999999999999993,0.26833333333333337,0.5166666666666667,0.0,0.7000000000000001,0.07253333790717376,0.6,0.4333333333333334,0.7666666666666666,0.0,0.7616666666666666,0.20247793617093382,0.5633333333333334,0.4,0.7166666666666666,0.0,0.7233333333333334,0.19395170091807895,0.5666666666666667,0.4,0.7333333333333334,0.0,0.755,0.16488430175999635,0.4,0.25,0.5,0.0,0.75,0.07030331132924272,0.8,0.6666666666666666,0.8333333333333334,0.0,1.0,0.2594799956498248,0.8,0.6666666666666666,0.8333333333333334,0.0,1.0,0.3267000695254363
kingsman_the_secret_service,414351546.0,2014.0,81000000.0,33,3.745179797979797,4.061560606060608,4.737242424242423,3.0760848484848484,3.3818313131313147,1.6410373737373736,2.7655232323232335,2.1153838383838384,14.511628520269369,3.4901704545454537,2.5005336700336693,1,0,1,0,0,0,0.5,0.33333333333333337,0.6666666666666667,0.0,0.6733333333333335,0.110144959637383,0.5,0.33333333333333337,0.6666666666666667,0.0,0.7483333333333333,0.22741553644442952,0.5,0.33333333333333337,0.6666666666666667,0.0,0.7466666666666667,0.14596095364797,0.49000000000000005,0.32500000000000007,0.6500000000000001,0.0,0.6733333333333335,0.09204101620795817,0.4,0.25,0.5,0.0,0.6666666666666666,-0.02058546826868901,0.5,0.3333333333333333,0.6666666666666666,0.0,0.5,0.10490642714131143,0.5,0.3333333333333333,0.6666666666666666,0.0,0.5,0.10597441146649295
kong_skull_island,568652812.0,2017.0,300000000.0,44,3.422798484848485,4.148686363636366,4.908393939393938,3.2566848484848467,3.7730492424242414,1.5453515151515147,2.520402272727272,2.0070659090909087,13.280303552601021,3.6146325757575752,2.32507196969697,1,0,0,1,0,0,0.9600000000000002,0.9333333333333333,0.9666666666666666,0.8,1.0,0.485125586641219,1.0,1.0,1.0,1.0,1.0,0.5434339402174022,1.0,1.0,1.0,1.0,1.0,0.2790825712218345,0.9800000000000001,0.9666666666666668,0.9833333333333332,0.9,1.0,0.32769756711633347,0.8,0.6666666666666666,0.8333333333333334,0.0,1.0,0.17445424248293973,0.5,0.3333333333333333,0.6666666666666666,0.0,0.5833333333333333,0.10283840519181214,0.5,0.3333333333333333,0.6666666666666666,0.0,0.5833333333333333,0.1174578762261852
krampus,61548934.0,2015.0,15000000.0,44,3.6681621212121214,4.102517424242428,4.657582575757575,2.846550757575757,3.5365378787878785,1.8372780303030296,2.411689393939394,2.34763106060606,14.005776547575765,3.363090151515151,2.617690404040403,0,1,1,0,0,1,0.71,0.5666666666666667,0.7833333333333333,0.0,0.8366666666666667,0.08380440339725173,0.11333333333333333,0.06999999999999999,0.3,0.0,0.518888888888889,-0.057860870577451505,0.22666666666666666,0.13999999999999999,0.38333333333333336,0.0,0.5044444444444445,-0.02017681059848096,0.36,0.24000000000000005,0.4333333333333333,0.0,0.5822222222222222,-0.0003558960569716718,0.3333333333333333,0.2,0.3333333333333333,0.0,0.5,-0.04164237776873342,0.5,0.3333333333333333,0.6666666666666666,0.0,0.6333333333333333,-0.02039134860908348,0.5,0.3333333333333333,0.6666666666666666,0.0,0.6333333333333333,-0.05521719271015341
lights_out,149368835.0,2016.0,4900000.0,38,2.896311403508772,4.2583131578947375,5.3366254385964895,3.5487245614035077,4.6520017543859655,1.4013210526315787,2.0255263157894743,1.779555263157895,11.385681176783628,3.8907195175438596,2.0257292397660818,0,1,0,0,0,1,0.58,0.4333333333333333,0.6666666666666667,0.0,0.7333333333333332,0.36401491017521403,0.8866666666666667,0.8166666666666668,0.9166666666666666,0.5,0.9833333333333332,0.47537635591859295,0.9466666666666667,0.9166666666666666,0.9666666666666668,0.8,1.0,0.35847271024882643,0.39999999999999997,0.25,0.5,0.0,0.46499999999999997,0.009115155670971015,0.4,0.25,0.5,0.0,0.41666666666666663,0.043900561790674475,0.0,0.0,0.3333333333333333,0.0,0.41666666666666663,0.046269654025363705,0.0,0.0,0.3333333333333333,0.0,0.41666666666666663,0.04990779164278136
mad_max_fury_road,380456026.0,2015.0,150000000.0,31,3.4719924731182803,4.413025806451617,4.950539784946235,3.5205698924731186,3.7549387096774205,1.7267462365591397,2.2579774193548388,2.068767741935484,14.216650101827963,3.6210064516129017,2.422502150537634,1,0,0,1,0,0,1.0,1.0,1.0,1.0,1.0,0.561571877326853,0.7633333333333334,0.6499999999999999,0.8666666666666668,0.3,0.9,0.3183707967683906,0.6300000000000001,0.4666666666666667,0.7833333333333333,0.0,0.8833333333333332,0.19805285096648056,0.8899999999999999,0.8333333333333333,0.9166666666666667,0.6,0.95,0.41073065882739196,0.8,0.6666666666666666,0.8333333333333334,0.0,1.0,0.16920991578460765,0.8,0.6666666666666666,0.8333333333333334,0.0,0.5833333333333333,0.12943134815276913,0.8,0.6666666666666666,0.8333333333333334,0.0,0.5833333333333333,0.13992596699272214
magic_mike_xxl,122613057.0,2015.0,14800000.0,26,3.903902564102564,4.365060256410257,4.42033076923077,2.009207692307692,2.8161435897435902,2.4846282051282036,2.1878025641025642,2.2446089743589734,16.922883141495728,2.8583711538461545,2.8777132478632472,0,1,1,0,0,0,0.8099999999999999,0.7,0.85,0.2,0.9166666666666666,0.4443110849569446,0.7999999999999999,0.6666666666666667,0.8333333333333333,0.0,0.8083333333333332,0.5185957260114231,0.73,0.5916666666666667,0.7833333333333332,0.0,0.7999999999999999,0.28917227524021083,0.74,0.6,0.7999999999999999,0.0,0.8333333333333333,0.49557293650588363,0.6666666666666666,0.5,0.8333333333333334,0.0,0.7,0.016703273438280652,0.0,0.0,0.6666666666666666,0.0,0.325,0.013780829120740967,0.6666666666666666,0.5,0.8333333333333334,0.0,0.8333333333333333,0.21279534520881394
maleficent,759853685.0,2014.0,180000000.0,53,3.935882389937108,3.731394339622643,4.3536503144654075,2.6500723270440245,3.0849031446540884,1.6521446540880493,3.082404402515723,2.586864779874214,13.510839654423485,3.292757547169811,2.72496394129979,1,0,0,0,1,0,0.2733333333333333,0.16999999999999998,0.4333333333333334,0.0,0.38749999999999996,-0.014300712740376526,0.43,0.2833333333333333,0.6,0.0,0.5716666666666667,0.014744752119001642,0.43,0.2833333333333333,0.6166666666666667,0.0,0.41583333333333333,-0.025278701214097643,0.39,0.2583333333333333,0.6,0.0,0.4133333333333334,-0.04145772527917232,0.6666666666666666,0.5,0.8333333333333334,0.0,0.7,0.008500852948183535,0.5,0.3333333333333333,0.6666666666666666,0.0,0.5,0.02990880507376492,0.5,0.3333333333333333,0.6666666666666666,0.0,0.5,0.049585054456293465
me_before_you,208450780.0,2016.0,20000000.0,21,5.231909523809522,3.234255555555558,2.848236507936508,1.2014666666666667,1.4881444444444443,2.596358730158729,3.3545841269841254,4.39338253968254,16.544089094179895,2.223107936507936,4.073883597883596,0,1,0,0,1,0,0.9800000000000001,0.9666666666666666,0.9833333333333334,0.9,1.0,0.7527625705688431,0.7699999999999999,0.6333333333333334,0.8166666666666667,0.0,0.9333333333333332,0.5151021384336627,0.82,0.7,0.85,0.1,1.0,0.4255825944016932,0.7366666666666666,0.6166666666666666,0.8166666666666667,0.2,0.8916666666666666,0.2220112354541109,0.8,0.6666666666666666,0.8333333333333334,0.0,0.8333333333333333,0.20513636292501325,0.5,0.3333333333333333,0.6666666666666666,0.0,0.8333333333333333,0.26726977095100807,0.5,0.3333333333333333,0.6666666666666666,0.0,0.8333333333333333,0.32805608420140997
megan_leavey,14510490.0,2017.0,,38,4.2017921052631575,3.7852929824561414,4.020566666666666,2.031909649122808,2.9090096491228064,2.084743859649122,2.837148245614035,2.9159789473684214,15.085502323918131,2.9496585526315786,3.067504970760234,0,1,0,0,0,0,0.7333333333333334,0.6,0.8666666666666666,0.2,1.0,0.5187373545523737,0.8666666666666666,0.8,0.9333333333333333,0.6,1.0,0.46054276599562216,0.9333333333333333,0.9,0.9666666666666666,0.8,1.0,0.2755972707177717,1.0,1.0,1.0,1.0,1.0,0.40346625415344783,1.0,1.0,1.0,1.0,1.0,0.06678260663447583,0.6666666666666666,0.5,0.8333333333333334,0.0,1.0,0.2835791897317991,0.5,0.3333333333333333,0.6666666666666666,0.0,1.0,0.3020259056163792
miss_peregrines_home_for_peculiar_children,296482446.0,2016.0,110000000.0,50,3.837818666666667,4.192296000000001,4.5801306666666655,2.6833926666666668,3.2285013333333334,1.9370200000000006,2.541328000000001,2.2475953333333334,15.444726306755562,3.2583381666666664,2.674144666666666,0,1,0,0,0,0,0.0,0.0,0.5333333333333333,0.0,0.32333333333333336,0.010499441150284616,0.1,0.06666666666666667,0.5333333333333333,0.0,0.3416666666666667,0.06589308533288449,0.15,0.1,0.55,0.0,0.35000000000000003,0.0611994396108818,0.5166666666666666,0.35000000000000003,0.6833333333333335,0.0,0.6333333333333332,0.15585962430144268,0.0,0.0,0.5,0.0,0.3333333333333333,0.026572512603413145,0.6666666666666666,0.5,0.8333333333333334,0.0,1.0,0.23728348587237635,0.6666666666666666,0.5,0.8333333333333334,0.0,1.0,0.2765780355989302
mission_impossible_fallout,824171374.0,2018.0,178000000.0,82,3.135751219512194,4.496139837398375,5.333347154471545,3.8264101626016265,4.2755890243902455,1.368166260162602,2.1405134146341465,1.5655666666666666,13.37945440527101,3.8939649390243893,2.0231613821138206,1,0,0,0,0,0,0.6,0.4333333333333333,0.7666666666666666,0.0,1.0,0.6381988014527754,0.6666666666666667,0.5,0.8333333333333333,0.0,1.0,0.7505940457573569,0.6666666666666667,0.5,0.8333333333333333,0.0,1.0,0.6879372144571682,0.6666666666666667,0.5,0.8333333333333333,0.0,1.0,0.48972749974421265,0.5,0.3333333333333333,0.6666666666666666,0.0,1.0,0.2052514926799387,0.5,0.3333333333333333,0.6666666666666666,0.0,1.0,0.3127396837631942,0.5,0.3333333333333333,0.6666666666666666,0.0,0.5,0.2886803393389748
mission_impossible_rogue_nation,710916403.0,2015.0,150000000.0,48,3.1883680555555567,4.83284375,5.402037499999996,3.9727854166666656,3.9711965277777774,1.6059097222222223,1.8644583333333336,1.4373736111111113,14.93793916173612,3.8026194444444426,2.07721712962963,1,0,0,0,0,0,0.6,0.4333333333333333,0.7666666666666667,0.0,1.0,0.6517790803237167,0.5666666666666667,0.4,0.7333333333333333,0.0,1.0,0.603216701095071,0.5,0.33333333333333337,0.6666666666666667,0.0,1.0,0.4279233752411752,0.6666666666666667,0.5,0.8333333333333333,0.0,1.0,0.35968757235753934,0.5,0.3333333333333333,0.6666666666666666,0.0,1.0,0.17600540445746216,0.6666666666666666,0.5,0.8333333333333334,0.0,1.0,0.24884540881171607,0.6666666666666666,0.5,0.8333333333333334,0.0,1.0,0.25890301014138745
moonlight,66953264.0,2016.0,1500000.0,28,3.883329761904761,3.5328166666666663,4.258555952380952,2.103426190476191,3.2263452380952375,1.6191547619047615,3.0425404761904757,2.672597619047619,13.14586426349206,3.1577169642857146,2.72502738095238,0,1,0,0,0,0,0.6,0.4333333333333334,0.7666666666666667,0.0,1.0,0.5720149489326233,0.6666666666666667,0.5,0.8333333333333333,0.0,1.0,0.6270104560786931,0.6666666666666667,0.5,0.8333333333333333,0.0,0.65,0.3705503564496489,1.0,1.0,1.0,1.0,1.0,0.5668413707765447,0.0,0.0,0.5,0.0,0.25,0.03245412475439435,1.0,1.0,1.0,1.0,1.0,0.09157648413645952,0.5,0.3333333333333333,0.6666666666666666,0.0,0.3333333333333333,0.08813901854659356
mortal_engines,84789131.0,2018.0,100000000.0,58,3.114955747126437,5.06753390804598,5.438473563218386,4.427220114942527,4.032928160919541,1.6570959770114941,1.7401695402298856,1.6389522988505743,14.880245553275872,3.9096978448275856,2.1370013409961692,1,0,0,1,0,0,1.0,1.0,1.0,1.0,1.0,0.7612518159338802,0.9199999999999999,0.8666666666666666,0.9333333333333332,0.6,1.0,0.4343052713416113,0.8699999999999999,0.8,0.9,0.5,0.8833333333333332,0.25350107789009374,1.0,1.0,1.0,1.0,1.0,0.5520385015557481,0.8,0.6666666666666666,0.8333333333333334,0.0,1.0,0.22788821010558236,0.8,0.6666666666666666,0.8333333333333334,0.0,0.5833333333333333,0.11096752940766014,0.5,0.3333333333333333,0.6666666666666666,0.0,0.5833333333333333,0.08757377646181286
murder_on_the_orient_express,352794081.0,2017.0,55000000.0,27,5.250923456790121,3.3643283950617313,2.9828271604938275,1.2562061728395062,1.549140740740741,2.8359148148148137,3.1782901234567897,4.19108024691358,17.493606719176956,2.2416160493827157,4.092639506172838,0,1,0,0,0,0,0.6,0.4333333333333334,0.7666666666666667,0.0,0.7,0.5709701698909979,0.6666666666666667,0.5,0.8333333333333333,0.0,0.95,0.5372390369969524,0.6666666666666667,0.5,0.8333333333333333,0.0,0.8,0.2884981920715214,0.7500000000000001,0.6333333333333333,0.8666666666666666,0.3,1.0,0.22535175383609488,0.5,0.3333333333333333,0.6666666666666666,0.0,1.0,0.1741825699326428,0.6666666666666666,0.5,0.8333333333333334,0.0,1.0,0.3753817340688407,0.5,0.3333333333333333,0.6666666666666666,0.0,1.0,0.4269023163779045
need_for_speed,203277636.0,2014.0,66000000.0,44,3.9967969696969687,4.0891878787878815,4.456004545454544,2.9351522727272727,3.1747621212121233,1.9143416666666662,2.627167424242423,2.507215909090909,15.507736517272726,3.2982715909090903,2.8061181818181815,1,0,0,0,0,0,0.5333333333333333,0.4,0.7833333333333333,0.0,0.7666666666666667,0.2946432866772953,0.6833333333333333,0.5333333333333334,0.8333333333333334,0.1,1.0,0.4898273904394503,0.5133333333333334,0.35,0.6666666666666666,0.0,1.0,0.3370351873463015,0.65,0.4833333333333333,0.8166666666666667,0.0,1.0,0.44970233303081936,1.0,1.0,1.0,1.0,1.0,0.07836067248249656,0.5,0.3333333333333333,0.6666666666666666,0.0,0.5,0.14460940570050995,0.5,0.3333333333333333,0.6666666666666666,0.0,0.3333333333333333,0.09313091291110315
oceans_8,297795726.0,2018.0,70000000.0,72,3.4106111111111117,5.08337175925926,4.979579629629627,2.409256018518518,3.1234712962962963,2.3823916666666647,1.6063361111111112,1.5770680555555552,17.234997658672846,3.0296607638888884,2.4566902777777795,1,0,1,0,0,0,0.6666666666666667,0.5,0.8333333333333333,0.0,0.925,0.4213334274369805,0.6333333333333333,0.4666666666666666,0.7999999999999999,0.0,0.8016666666666667,0.3956303201430392,0.6,0.4333333333333334,0.7666666666666666,0.0,0.7483333333333333,0.2249260091697572,0.6833333333333333,0.5499999999999999,0.8166666666666667,0.2,0.8916666666666666,0.39212384677584916,0.5,0.3333333333333333,0.6666666666666666,0.0,0.41666666666666663,-0.018290977745890502,0.5,0.3333333333333333,0.6666666666666666,0.0,0.5,0.059792078905336665,0.5,0.3333333333333333,0.6666666666666666,0.0,0.5,0.07084597136031645
paddington_2,290132513.0,2017.0,50000000.0,57,4.652170760233917,4.708091228070179,3.7898397660818715,1.4368339181286554,1.8255169590643272,3.711246783625731,2.0988233918128647,2.4411140350877196,21.637115066159847,2.2877535087719303,3.6015105263157903,0,0,1,0,0,0,0.65,0.4833333333333333,0.8166666666666667,0.0,1.0,0.7198055668402492,0.9,0.85,0.95,0.7,1.0,0.6689529259081277,0.9666666666666668,0.95,0.9833333333333332,0.9,1.0,0.40278678262455303,0.5166666666666667,0.35,0.6833333333333333,0.0,1.0,0.5742000101288958,0.5,0.3333333333333333,0.6666666666666666,0.0,1.0,0.14669816836503213,0.0,0.0,0.6666666666666666,0.0,0.3333333333333333,0.07906476284584257,0.0,0.0,0.6666666666666666,0.0,0.3333333333333333,0.10273365544455038
pan,128988320.0,2015.0,150000000.0,42,3.6390904761904763,4.74888174603175,4.891556349206347,3.0090293650793645,3.4699769841269843,2.1601285714285714,1.9306984126984124,1.986524603174603,16.521971676772495,3.325315277777778,2.595247883597883,0,0,1,0,0,0,0.6000000000000001,0.4333333333333334,0.7666666666666666,0.0,0.85,0.4244622208250629,0.5666666666666667,0.41666666666666663,0.7833333333333332,0.0,0.5,0.230205934458579,0.5333333333333334,0.36666666666666664,0.7,0.0,0.4833333333333333,0.14329018791812106,0.06666666666666667,0.05,0.6833333333333333,0.0,0.5,0.058693202859704294,0.0,0.0,0.3333333333333333,0.0,0.16666666666666666,-0.13303081259587063,0.0,0.0,0.5,0.0,0.16666666666666666,-0.15516119235871606,0.0,0.0,0.5,0.0,0.2,-0.1627212177624473
parasite,263492582.0,2019.0,13200000.0,34,4.529720588235295,4.207377450980395,3.814236274509803,1.7881068627450976,2.2394186274509806,3.0025117647058814,2.1739558823529412,2.9979627450980386,18.54851350709151,2.5039294117647053,3.510065032679737,0,1,1,0,0,0,0.7999999999999999,0.6916666666666667,0.8333333333333333,0.2,0.8916666666666664,0.4983370183745174,1.0,1.0,1.0,1.0,1.0,0.5436849128984707,0.82,0.7000000000000001,0.85,0.1,0.8666666666666665,0.33050230751060633,0.37,0.24166666666666664,0.5833333333333333,0.0,0.4758333333333334,0.03348906597100784,0.8,0.6666666666666666,0.8333333333333334,0.0,0.8333333333333333,0.10957441575964605,0.8,0.6666666666666666,0.8333333333333334,0.0,1.0,0.24197893486623512,0.8,0.6666666666666666,0.8333333333333334,0.0,1.0,0.36035324483107917
pet_sematary,113118226.0,2019.0,21000000.0,10,3.5190733333333326,4.110306666666665,4.689706666666664,3.0020099999999994,3.95786,1.9342199999999985,1.8445733333333325,2.6016200000000005,13.23201348622222,3.373537499999999,2.6849711111111096,0,0,0,0,0,1,0.7333333333333334,0.6,0.8666666666666666,0.2,1.0,0.6995467999628003,0.0,0.0,0.55,0.0,0.2816666666666667,-0.07586974275459211,0.29999999999999993,0.21666666666666665,0.7166666666666667,0.0,0.38666666666666666,-0.007645120366027292,0.3833333333333333,0.3,0.7000000000000001,0.1,0.6783333333333333,0.09690429839280087,0.5,0.3333333333333333,0.6666666666666666,0.0,0.3333333333333333,0.08212705738842258,0.0,0.0,0.5,0.0,0.16666666666666666,-0.2393704679632056,0.0,0.0,0.5,0.0,0.16666666666666666,-0.3295685440072058
pirates_of_the_caribbean_dead_men_tell_no_tales,795922298.0,2017.0,230000000.0,53,3.260654716981134,4.727072327044025,5.383191823899366,4.272562264150943,3.9970169811320755,1.4607006289308178,2.1247125786163528,1.5570471698113213,14.839186741006294,3.9443709119496844,2.0928008385744232,1,0,0,0,0,0,0.6666666666666667,0.5,0.8333333333333333,0.0,1.0,0.7257084333955013,0.6666666666666667,0.5,0.8333333333333333,0.0,1.0,0.6880341565149861,0.6666666666666667,0.5,0.8333333333333333,0.0,1.0,0.44728322332635234,0.6666666666666667,0.5,0.8333333333333333,0.0,1.0,0.5328370804003694,0.5,0.3333333333333333,0.6666666666666666,0.0,1.0,0.1974816616199495,0.5,0.3333333333333333,0.6666666666666666,0.0,0.5,0.22621154445942948,0.5,0.3333333333333333,0.6666666666666666,0.0,0.5,0.16139336489942696
pokemon_detective_pikachu,451453444.0,2019.0,150000000.0,43,3.85014496124031,4.279911627906977,4.526848837209299,2.763985271317829,3.0705387596899216,2.120960465116279,2.303462015503875,2.381657364341085,15.512764329173137,3.1662087209302316,2.784254263565892,1,0,1,1,0,0,0.1,0.06666666666666667,0.5333333333333333,0.0,0.9083333333333332,0.11711294857063737,0.14666666666666667,0.1,0.31666666666666665,0.0,0.48277777777777775,-0.09869367728522477,0.03333333333333333,0.02,0.3,0.0,0.4727777777777778,-0.09618416588332841,0.6199999999999999,0.4666666666666666,0.7333333333333333,0.0,0.8966666666666668,0.15027044819116672,0.5,0.3333333333333333,0.6666666666666666,0.0,0.6666666666666666,-0.012901800222965776,0.6666666666666666,0.5,0.6666666666666666,0.0,0.6388888888888888,0.07431690172174871,0.4,0.25,0.5,0.0,0.5888888888888889,0.032325448084685016
queen_of_katwe,10368126.0,2016.0,15000000.0,37,4.240445945945945,4.199009909909911,4.079172972972974,1.751412612612613,2.4237252252252244,2.665137837837837,2.4202054054054045,2.625789189189187,17.65616767225226,2.668629054054054,3.1771243243243235,0,1,0,0,0,0,0.5,0.33333333333333337,0.6666666666666667,0.0,0.35,0.2654589489192703,0.0,0.0,0.4166666666666667,0.0,0.26666666666666666,-0.22671306232247085,0.27999999999999997,0.1833333333333333,0.5333333333333333,0.0,0.3166666666666667,0.01216544763984082,0.5,0.33333333333333337,0.6666666666666667,0.0,0.33333333333333337,0.29498133667101745,1.0,1.0,1.0,1.0,1.0,0.06842607674068912,1.0,1.0,1.0,1.0,1.0,0.08708102328904216,1.0,1.0,1.0,1.0,1.0,0.281380123472937
rambo_last_blood,91490353.0,2019.0,,54,3.341588888888889,4.3647327160493825,5.119150617283947,3.8365030864197514,4.011390740740741,1.4728561728395064,2.2631635802469137,1.8387851851851849,13.706900087345684,3.8075520061728394,2.21774341563786,1,0,0,0,0,0,0.6666666666666667,0.5,0.8333333333333333,0.0,1.0,0.6522219131115106,0.6666666666666667,0.5,0.8333333333333333,0.0,1.0,0.6328388352376249,0.6666666666666667,0.5,0.8333333333333333,0.0,1.0,0.2758971030343953,0.6666666666666667,0.5,0.8333333333333333,0.0,1.0,0.4935369478880559,0.5,0.3333333333333333,0.6666666666666666,0.0,1.0,0.18046632481964742,0.5,0.3333333333333333,0.6666666666666666,0.0,0.5,0.2312103682824832,0.5,0.3333333333333333,0.6666666666666666,0.0,0.5,0.24775744862483318
rampage,428128399.0,2018.0,150000000.0,48,3.2477437500000015,4.333322222222223,5.199221527777774,3.7674979166666653,4.082027083333335,1.3687222222222222,2.4146097222222225,1.6908104166666664,13.202919054004633,3.8658390624999996,2.1024254629629637,1,0,0,1,0,0,1.0,1.0,1.0,1.0,1.0,0.7385189301937547,0.9,0.85,0.95,0.7,0.9833333333333332,0.5672759547852955,1.0,1.0,1.0,1.0,1.0,0.46503410179828214,0.9,0.8333333333333333,0.9166666666666666,0.5,1.0,0.5180893265071492,0.8,0.6666666666666666,0.8333333333333334,0.0,1.0,0.22115936914031487,0.5,0.3333333333333333,0.6666666666666666,0.0,0.5833333333333333,0.18342143580276593,0.8,0.6666666666666666,0.8333333333333334,0.0,0.5833333333333333,0.20207982065431374
ready_player_one,607874422.0,2018.0,175000000.0,42,3.6127587301587303,4.464076984126985,4.8188309523809485,3.2429730158730155,3.2524428571428565,1.941878571428571,2.256519047619048,2.0136626984126984,15.336763921851864,3.392691468253967,2.5227666666666666,1,0,0,1,0,0,0.8799999999999999,0.8,0.9,0.4,1.0,0.47678363519968875,0.8399999999999999,0.7333333333333333,0.8666666666666666,0.2,0.9666666666666666,0.3596991715022907,0.7999999999999999,0.6666666666666667,0.8333333333333333,0.0,0.95,0.2782141185012471,0.2,0.125,0.4,0.0,0.3458333333333333,-0.08808480242391814,0.8,0.6666666666666666,0.8333333333333334,0.0,0.8333333333333333,0.10116545697373092,0.5,0.3333333333333333,0.6666666666666666,0.0,0.5833333333333333,0.06811169399663441,0.5,0.3333333333333333,0.6666666666666666,0.0,0.45,0.04219207240630596
run_all_night,71661644.0,2015.0,50000000.0,27,3.390209876543209,4.073096296296298,4.892053086419752,3.2967888888888885,4.031530864197532,1.43346049382716,2.397312345679012,2.137679012345678,12.719329165308643,3.654421296296297,2.3204497942386824,1,1,0,0,0,0,0.5466666666666666,0.39166666666666666,0.6,0.0,0.5416666666666666,0.23836352285179324,0.86,0.7666666666666667,0.8833333333333332,0.3,0.9666666666666666,0.5038065316685454,0.7999999999999999,0.6666666666666667,0.8333333333333333,0.0,0.6083333333333332,0.23248027996241682,0.9,0.8333333333333334,0.9166666666666666,0.5,0.95,0.3273082732824427,0.4,0.25,0.5,0.0,0.75,0.08564876920233622,0.8,0.6666666666666666,0.8333333333333334,0.0,0.5833333333333333,0.24516071322675587,0.8,0.6666666666666666,0.8333333333333334,0.0,0.5833333333333333,0.32120107935955744
san_andreas,474609154.0,2015.0,110000000.0,43,3.6028953488372086,4.100685271317829,4.909646511627907,3.234730232558139,3.605706201550389,1.464968992248062,2.9639379844961247,1.866006201550387,14.02682383142119,3.6785052325581393,2.3112901808785526,1,1,0,0,0,0,0.5,0.33333333333333337,0.6666666666666667,0.0,0.7583333333333333,0.2148441772080491,0.5,0.33333333333333337,0.6666666666666667,0.0,0.7066666666666668,0.23747223100938758,0.49000000000000005,0.325,0.65,0.0,0.7166666666666667,0.14508402835555917,0.5,0.33333333333333337,0.6666666666666667,0.0,0.8083333333333332,0.2639159177907425,0.4,0.25,0.5,0.0,0.75,0.09162401767885464,1.0,1.0,1.0,1.0,1.0,0.30148016538512257,1.0,1.0,1.0,1.0,1.0,0.3481400669682023
shazam,367799011.0,2019.0,100000000.0,52,3.2990275641025635,4.457714743589744,5.196592307692307,3.6306025641025643,4.053137820512821,1.567103846153846,2.2160576923076927,1.8148250000000001,13.852889979871803,3.7740975961538448,2.2269854700854705,1,0,1,0,0,0,0.5,0.33333333333333337,0.6666666666666667,0.0,0.7300000000000001,0.194236139823252,0.39999999999999997,0.25,0.5,0.0,0.4083333333333333,-0.05072312125243113,0.39999999999999997,0.25,0.5,0.0,0.3833333333333333,-0.087618282343802,0.43,0.275,0.55,0.0,0.6816666666666668,0.07418200104507082,0.4,0.25,0.5,0.0,0.6666666666666666,-0.03166295615998127,0.4,0.25,0.5,0.0,0.6666666666666666,-0.0350848289298048,0.4,0.25,0.5,0.0,0.3333333333333333,-0.08365641466859103
sicario,84997446.0,2015.0,30000000.0,18,2.733133333333333,4.238840740740739,5.512805555555552,3.9017407407407396,4.93754814814815,1.207111111111111,1.963746296296296,1.4522296296296293,11.134475525802465,4.078960185185185,1.797491358024691,1,1,0,0,0,0,0.39999999999999997,0.25,0.5,0.0,0.5,0.16393450579669006,0.8066666666666666,0.6833333333333333,0.8333333333333333,0.1,0.85,0.4557848196194924,0.62,0.4666666666666666,0.7333333333333334,0.0,0.5749999999999998,0.27877284887873854,0.41,0.2583333333333333,0.5166666666666666,0.0,0.75,0.24473543356565752,0.4,0.25,0.5,0.0,0.75,0.08991996653837153,0.8,0.6666666666666666,0.8333333333333334,0.0,0.5833333333333333,0.28583596215357804,0.8,0.6666666666666666,0.8333333333333334,0.0,0.5833333333333333,0.34507144533079576
smallfoot,218015531.0,2018.0,,63,4.003589417989418,4.455330687830688,4.40221111111111,2.171326455026454,2.854842857142857,2.581034391534391,2.1594116402116406,2.2844132275132267,17.323141536878314,2.896948015873016,2.9563456790123452,0,0,1,0,0,0,0.9,0.85,0.95,0.7,1.0,0.5748753314847543,0.7000000000000001,0.55,0.8499999999999999,0.1,1.0,0.5226825425269814,0.8166666666666667,0.7333333333333333,0.9,0.5,0.95,0.36922177355380403,0.7,0.5666666666666667,0.8333333333333334,0.2,1.0,0.4675250846757811,0.0,0.0,0.6666666666666666,0.0,0.2,-0.027365183057424802,0.0,0.0,0.5,0.0,0.3333333333333333,0.029100744940306678,0.0,0.0,0.5,0.0,0.3333333333333333,0.031189067866028708
solo_a_star_wars_story,392924807.0,2018.0,250000000.0,66,3.4972484848484866,4.75910202020202,5.061075757575751,3.6239095959595953,3.6377914141414154,1.8227505050505044,2.0405106060606064,1.9425787878787872,15.538594391649836,3.5908218434343433,2.42085925925926,1,0,0,1,0,0,0.9199999999999999,0.8666666666666668,0.9333333333333332,0.6,1.0,0.6393136594734515,0.9166666666666666,0.8833333333333332,0.95,0.8,0.9583333333333333,0.4244165607726839,0.9399999999999998,0.9,0.95,0.7,1.0,0.3857401403922036,1.0,1.0,1.0,1.0,1.0,0.36935815466386024,0.8,0.6666666666666666,0.8333333333333334,0.0,0.8333333333333333,0.13622899843570763,0.5,0.3333333333333333,0.6666666666666666,0.0,0.75,0.09783558453277952,0.5,0.3333333333333333,0.6666666666666666,0.0,0.5,0.06710645789753189
spotlight,98690254.0,2015.0,20000000.0,31,5.485888172043008,3.191653763440862,2.6168999999999984,1.130968817204301,1.3421419354838713,2.7756236559139773,3.1221784946236535,4.968600000000004,17.460803459175633,2.053047311827956,4.410037275985663,0,1,0,0,0,0,0.5833333333333334,0.4166666666666667,0.75,0.0,0.95,0.6276524284326847,0.8,0.7166666666666666,0.8833333333333332,0.5,1.0,0.7689276903126784,0.55,0.3833333333333334,0.7166666666666668,0.0,1.0,0.5097611888273166,0.9,0.85,0.95,0.7,1.0,0.6108202418119324,0.5,0.3333333333333333,0.6666666666666666,0.0,1.0,0.19791528796838248,0.6666666666666666,0.5,0.8333333333333334,0.0,1.0,0.37307996429817414,0.6666666666666666,0.5,0.8333333333333334,0.0,1.0,0.3910877255822331
star_trek_beyond,343471816.0,2016.0,185000000.0,36,3.739990740740741,4.138297222222224,4.636651851851849,3.149957407407408,3.330506481481483,1.7487694444444442,2.4977175925925925,2.384021296296296,14.219407208919758,3.4037083333333333,2.6242604938271605,1,0,0,1,0,0,1.0,1.0,1.0,1.0,1.0,0.3585013619218473,1.0,1.0,1.0,1.0,1.0,0.49799315157384016,0.9800000000000001,0.9666666666666666,0.9833333333333334,0.9,1.0,0.35536910306747,1.0,1.0,1.0,1.0,1.0,0.2600965963663498,0.8,0.6666666666666666,0.8333333333333334,0.0,1.0,0.10455689426859577,0.5,0.3333333333333333,0.6666666666666666,0.0,0.5833333333333333,0.07942330338027104,0.5,0.3333333333333333,0.6666666666666666,0.0,0.5833333333333333,0.065766359142718
star_wars_the_force_awakens,2071310218.0,2015.0,245000000.0,91,3.634239560439559,4.469398901098902,4.8336168498168455,3.2583183150183146,3.2884263736263724,2.040766666666667,2.2372278388278386,2.0133835164835165,15.318269923137983,3.4043973443223443,2.5627965811965825,1,0,0,1,0,0,0.8799999999999999,0.8,0.9,0.4,1.0,0.496264646045644,0.8699999999999999,0.8,0.9,0.5,0.9833333333333332,0.5104284143146162,0.7833333333333334,0.6916666666666667,0.8166666666666668,0.4,0.9033333333333333,0.29309685051013723,1.0,1.0,1.0,1.0,1.0,0.3721706297508883,0.5,0.3333333333333333,0.6666666666666666,0.0,0.8333333333333333,0.08415555461097346,0.0,0.0,0.5,0.0,0.3333333333333333,-0.03481178531052109,0.0,0.0,0.3333333333333333,0.0,0.325,-0.07226139643631274
star_wars_the_last_jedi,1334407706.0,2017.0,200000000.0,85,3.4915168627451,4.7450486274509815,5.049796470588231,3.3671780392156836,3.4343890196078433,2.1193317647058825,1.9648062745098036,1.7116443137254913,15.987996884941193,3.45404245098039,2.4408309803921573,1,0,0,1,0,0,0.7999999999999999,0.6666666666666667,0.8333333333333333,0.0,0.8499999999999999,0.5172569913860994,0.9400000000000001,0.9,0.95,0.7,1.0,0.5495047285831631,0.78,0.675,0.8,0.3,0.925,0.27017328817591735,1.0,1.0,1.0,1.0,1.0,0.3501689562254517,0.8,0.6666666666666666,0.8333333333333334,0.0,0.8333333333333333,0.10214944005215365,0.0,0.0,0.5,0.0,0.5,0.009530921352215338,0.0,0.0,0.3333333333333333,0.0,0.41666666666666663,-0.01821488861838705
stuber,32390945.0,2019.0,,24,3.8373638888888877,3.988612500000002,4.429331944444444,2.6838569444444444,3.3241944444444447,1.8579624999999995,2.5112624999999995,2.5180819444444436,14.217737756157412,3.2371614583333326,2.7378027777777767,1,0,1,0,0,0,0.0,0.0,0.38333333333333336,0.0,0.2933333333333333,-0.2170173852195385,0.05,0.03333333333333333,0.45,0.0,0.3525,-0.2298960289940361,0.04,0.025,0.4,0.0,0.3241666666666666,-0.14794621278694553,0.4,0.26666666666666666,0.6333333333333334,0.0,0.41,-0.07165037931750166,0.6666666666666666,0.5,0.8333333333333334,0.0,0.6666666666666666,-0.02078627611179662,0.4,0.25,0.5,0.0,0.41666666666666663,0.03721713300343649,0.5,0.3333333333333333,0.6666666666666666,0.0,0.5833333333333333,0.09624643112072817
suicide_squad,749200054.0,2016.0,175000000.0,43,3.3265232558139535,4.315193798449613,5.14575968992248,3.4968271317829456,4.155044186046513,1.4141899224806198,2.3386240310077526,1.8175759689922477,13.561619924677004,3.7840637596899214,2.1860963824289406,1,0,0,1,0,0,0.9,0.8333333333333334,0.9166666666666667,0.5,1.0,0.5689408769780272,0.8666666666666668,0.8,0.9333333333333332,0.6,1.0,0.5264483336697181,0.8666666666666668,0.8,0.9333333333333332,0.6,0.9833333333333332,0.33134446414814783,1.0,1.0,1.0,1.0,1.0,0.4883393091265603,0.8,0.6666666666666666,0.8333333333333334,0.0,1.0,0.20216642436983978,0.8,0.6666666666666666,0.8333333333333334,0.0,0.5833333333333333,0.21604522560029288,0.8,0.6666666666666666,0.8333333333333334,0.0,0.5833333333333333,0.25089961412305006
sully,243870033.0,2016.0,60000000.0,13,4.87164358974359,3.4446205128205145,3.322338461538462,1.4616256410256407,1.927023076923077,2.4820871794871784,3.065771794871794,3.7819897435897434,16.287703930256423,2.4441897435897433,3.711906837606837,0,1,0,0,0,0,0.65,0.4833333333333333,0.8166666666666667,0.0,0.95,0.5858188150635772,0.6,0.4333333333333334,0.7666666666666666,0.0,1.0,0.6771053232220261,0.5033333333333333,0.3416666666666667,0.65,0.0,0.95,0.35928952369705963,1.0,1.0,1.0,1.0,1.0,0.3637045403630331,0.5,0.3333333333333333,0.6666666666666666,0.0,1.0,0.13993502050998557,1.0,1.0,1.0,1.0,1.0,0.26237964524453194,0.5,0.3333333333333333,0.6666666666666666,0.0,1.0,0.31233126264092115
tammy,100375432.0,2014.0,,37,4.399125225225223,4.56278918918919,4.010981081081081,1.6351819819819817,2.166853153153154,3.137464864864864,2.1632819819819806,2.5139441441441432,19.752146269279283,2.4940745495495493,3.350178078078077,0,0,1,0,1,0,0.9800000000000001,0.9666666666666666,0.9833333333333334,0.9,1.0,0.6690947859445793,0.58,0.4166666666666667,0.7333333333333334,0.0,0.8366666666666666,0.4332901251849277,0.5966666666666667,0.45,0.7333333333333333,0.1,0.8499999999999999,0.400843921275963,0.7766666666666666,0.65,0.8333333333333333,0.1,0.9166666666666666,0.5158663334517222,0.8,0.6666666666666666,0.8333333333333334,0.0,0.5833333333333333,0.08588602249265787,0.5,0.3333333333333333,0.6666666666666666,0.0,0.5,0.04370353588558873,0.5,0.3333333333333333,0.6666666666666666,0.0,0.5833333333333333,0.1471391259730107
teen_titans_go_to_the_movies,52390236.0,2018.0,10000000.0,39,3.501529059829061,4.638542735042735,4.905323076923075,2.933663247863247,3.417187179487179,2.1138119658119647,1.946655555555555,1.8795606837606835,15.876742889800576,3.3007072649572646,2.49830056980057,1,0,1,1,0,0,0.7999999999999999,0.6666666666666667,0.8333333333333333,0.0,1.0,0.36440905875894425,0.44000000000000006,0.2833333333333333,0.5666666666666667,0.0,0.668888888888889,0.053168174565930884,0.45,0.29166666666666663,0.5833333333333333,0.0,0.6566666666666666,0.018670325754246264,0.4033333333333333,0.255,0.4833333333333333,0.0,0.698888888888889,0.07018418164236903,0.4,0.25,0.5,0.0,0.5555555555555555,0.0026226685370974168,0.4,0.25,0.5,0.0,0.8055555555555555,0.05749224229500327,0.4,0.25,0.5,0.0,0.5333333333333333,0.007973084047970591
the_boy,73929392.0,2016.0,,31,3.843265591397848,3.6255365591397855,4.360339784946235,2.572553763440861,3.386221505376344,1.5598978494623654,3.050868817204301,2.643033333333333,12.706121113548395,3.342495967741936,2.6820655913978495,0,0,0,0,0,1,0.05,0.03333333333333333,0.5833333333333333,0.0,0.2583333333333333,-0.08069351004310901,0.1833333333333333,0.13333333333333333,0.6833333333333332,0.0,0.425,0.047803511478061056,0.05,0.03333333333333333,0.55,0.0,0.3283333333333333,0.005816572919773233,0.0,0.0,0.5,0.0,0.22833333333333333,-0.18149605606252206,0.0,0.0,0.5,0.0,0.3333333333333333,0.03696663164950875,0.0,0.0,0.5,0.0,0.16666666666666666,-0.21458190749249667,0.0,0.0,0.6666666666666666,0.0,0.16666666666666666,-0.3067515047784951
the_conjuring_2,322819915.0,2016.0,40000000.0,53,2.882151572327044,4.459736477987421,5.441236477987418,3.656416981132074,4.700242138364779,1.3778855345911951,1.9112044025157242,1.5942610062893083,12.154558625471697,3.927274999999999,1.951432704402516,0,0,0,0,0,1,0.6,0.4333333333333334,0.7666666666666667,0.0,0.85,0.5309770602057369,0.7833333333333334,0.6833333333333333,0.8833333333333334,0.4,1.0,0.6682266420110149,0.6333333333333334,0.4666666666666667,0.8,0.0,1.0,0.40030973430658745,0.5,0.33333333333333337,0.6666666666666667,0.0,0.5,0.29256295649897324,0.5,0.3333333333333333,0.6666666666666666,0.0,0.3333333333333333,0.1689534451376189,0.5,0.3333333333333333,0.6666666666666666,0.0,0.3333333333333333,0.0808526077544709,0.5,0.3333333333333333,0.6666666666666666,0.0,0.3333333333333333,0.1266486488700343
the_hustle,97409779.0,2019.0,21000000.0,35,4.780595238095235,4.661107619047623,3.6697200000000016,1.3611885714285714,1.7122780952380952,3.758287619047619,2.0763799999999994,2.6489942857142856,22.123253171523814,2.2048916666666667,3.729292380952378,0,0,1,0,0,0,0.65,0.4833333333333333,0.8166666666666667,0.0,1.0,0.7263806465511587,0.7166666666666667,0.5833333333333333,0.85,0.2,1.0,0.7280260587493024,0.6166666666666666,0.45,0.7833333333333333,0.0,0.85,0.4136582843752734,0.5166666666666666,0.35000000000000003,0.6833333333333333,0.0,0.8,0.556226232064112,0.5,0.3333333333333333,0.6666666666666666,0.0,1.0,0.1520541704858478,0.6666666666666666,0.5,0.8333333333333334,0.0,1.0,0.24899121787110579,0.5,0.3333333333333333,0.6666666666666666,0.0,1.0,0.34272545748321825
the_imitation_game,233555708.0,2014.0,14000000.0,32,4.842870833333331,3.6081062500000023,3.3898791666666668,1.4408937500000003,1.9507447916666667,2.5838624999999986,3.016890625,3.565189583333333,17.025485942118067,2.449602083333334,3.6639743055555543,0,1,0,0,0,0,0.5833333333333333,0.4166666666666667,0.7500000000000001,0.0,0.85,0.5532045541672755,0.7666666666666667,0.65,0.8833333333333332,0.3,1.0,0.5702412020721703,0.7333333333333334,0.6,0.8666666666666666,0.2,1.0,0.4350560364802759,0.6,0.45,0.7999999999999999,0.0,0.6833333333333333,0.25694145310922456,0.5,0.3333333333333333,0.6666666666666666,0.0,1.0,0.1468366669843283,1.0,1.0,1.0,1.0,1.0,0.33892407198206115,1.0,1.0,1.0,1.0,1.0,0.3339919345952936
the_intern,194764672.0,2015.0,35000000.0,37,4.956593693693692,3.891136036036037,3.301768468468468,1.3419009009009009,1.6162648648648652,3.104310810810809,2.6768459459459444,3.6350765765765787,18.856173230060055,2.2341950450450434,3.89866036036036,0,1,1,0,0,0,0.7999999999999999,0.6666666666666667,0.8333333333333333,0.0,0.6333333333333331,0.5349810649275453,0.7699999999999999,0.6333333333333334,0.8166666666666667,0.0,0.8333333333333333,0.5104131176990797,0.7699999999999999,0.6333333333333334,0.8166666666666667,0.0,0.6333333333333331,0.30635132681578703,0.7999999999999999,0.6666666666666667,0.8333333333333333,0.0,0.9,0.401033538945686,0.8,0.6666666666666666,0.8333333333333334,0.0,1.0,0.19871922800677144,0.6666666666666666,0.5,0.8333333333333334,0.0,1.0,0.28847187824921255,0.8,0.6666666666666666,0.8333333333333334,0.0,1.0,0.40740808264193445
the_judge,84419388.0,2014.0,,27,5.006508641975306,3.389720987654323,3.128267901234568,1.283464197530864,1.7481172839506172,2.542208641975308,3.2635185185185156,4.00671851851852,16.55820146016461,2.3558419753086417,3.851811934156378,0,1,0,0,0,0,0.6666666666666667,0.5,0.8333333333333333,0.0,0.95,0.635465562594678,0.6666666666666667,0.5166666666666666,0.8166666666666667,0.1,1.0,0.6592040469868883,0.5833333333333333,0.4166666666666667,0.75,0.0,1.0,0.4875487548092302,0.7000000000000001,0.55,0.85,0.1,0.8,0.3957824266506368,0.5,0.3333333333333333,0.6666666666666666,0.0,1.0,0.15935290567121507,1.0,1.0,1.0,1.0,1.0,0.339072421710745,1.0,1.0,1.0,1.0,1.0,0.38479507706337523
the_legend_of_tarzan,357243061.0,2016.0,180000000.0,47,3.814266666666667,3.653443262411347,4.471268794326241,2.4794829787234054,3.4201085106382973,1.5797723404255317,3.1063680851063826,2.3700893617021275,13.098076099290788,3.3693070921985813,2.588042789598109,1,1,0,0,1,0,0.5895238095238096,0.43499999999999994,0.6,0.0,0.7811111111111111,0.1871608677833712,0.6000000000000001,0.4666666666666666,0.6833333333333333,0.1,0.8227777777777778,0.19689389379866457,0.56,0.4083333333333333,0.6166666666666668,0.0,0.8,0.11090598346694422,0.44000000000000006,0.2833333333333333,0.5666666666666667,0.0,0.75,0.07357605270584251,0.3333333333333333,0.2,0.3333333333333333,0.0,0.7000000000000001,0.015396562463698082,0.8,0.6666666666666666,0.8333333333333334,0.0,0.8666666666666667,0.17527906466136883,0.6666666666666666,0.5,0.6666666666666666,0.0,0.8666666666666667,0.22374416207870557
the_man_from_uncle,110045109.0,2015.0,75000000.0,92,3.571278623188407,4.68551666666667,4.765606521739128,2.3853536231884056,3.1211746376811598,2.3148108695652176,1.9303789855072466,1.8985728260869563,16.43665116400966,3.0506284420289864,2.5948874396135255,1,0,1,0,0,0,0.6666666666666667,0.5,0.8333333333333333,0.0,0.7433333333333334,0.2849027462623022,0.5399999999999999,0.37500000000000006,0.7,0.0,0.74,0.2616954995684814,0.6500000000000001,0.4833333333333334,0.8166666666666667,0.0,0.72,0.2222940303954255,0.6333333333333334,0.4666666666666666,0.7999999999999999,0.0,0.8083333333333333,0.24357218785325027,0.5,0.3333333333333333,0.6666666666666666,0.0,0.41666666666666663,-0.01793684968887027,0.5,0.3333333333333333,0.6666666666666666,0.0,0.8333333333333333,0.06857547901752498,0.5,0.3333333333333333,0.6666666666666666,0.0,0.5833333333333333,0.08315345031847515
the_meg,529338515.0,2018.0,130000000.0,51,3.358680392156863,4.117159477124184,5.019554901960782,3.369118954248366,4.045216993464052,1.392819607843137,2.466474509803921,1.9378895424836606,12.937598044531587,3.7250913398692793,2.2297965141612197,1,0,0,1,0,1,0.9,0.8333333333333334,0.9166666666666667,0.5,0.975,0.4753970466375157,0.6133333333333334,0.4666666666666666,0.6666666666666667,0.0,0.8166666666666667,0.25311555176752876,0.6533333333333333,0.5,0.7333333333333334,0.0,0.8794444444444445,0.22076900736136834,0.6566666666666667,0.5333333333333334,0.7333333333333333,0.2,0.892222222222222,0.23123985429710475,1.0,1.0,1.0,1.0,1.0,0.23797306467550233,0.6666666666666666,0.5,0.6666666666666666,0.0,0.5555555555555555,0.04493505772902062,0.6666666666666666,0.5,0.6666666666666666,0.0,0.5555555555555555,0.032826713714334876
the_peanut_butter_falcon,23712097.0,2019.0,,37,3.9767603603603603,4.333297297297299,4.364135135135134,1.9537234234234235,2.856488288288288,2.481416216216216,2.275017117117116,2.315076576576576,16.991787449909914,2.8623409909909903,2.9244177177177177,0,1,1,0,0,0,0.8099999999999999,0.7,0.85,0.2,0.95,0.45063688213067526,0.7999999999999999,0.6666666666666667,0.8333333333333333,0.0,0.875,0.4907391926065895,0.7866666666666665,0.65,0.8166666666666667,0.0,0.9333333333333333,0.3213262541805345,0.82,0.7000000000000001,0.8499999999999999,0.1,0.8916666666666666,0.4283211176541316,0.6666666666666666,0.5,0.8333333333333334,0.0,0.7,0.02107065034557165,0.5,0.3333333333333333,0.6666666666666666,0.0,0.5833333333333333,0.10946063708197545,0.6666666666666666,0.5,0.8333333333333334,0.0,0.8333333333333333,0.17436141693737695
the_post,193764664.0,2017.0,50000000.0,35,4.01046,3.926814285714285,4.356886666666664,2.3403028571428575,3.0150666666666672,1.9961742857142861,2.655235238095238,2.551605714285714,14.984365030412704,3.0918728571428566,2.8527466666666674,0,1,0,0,0,0,0.9666666666666666,0.95,0.9833333333333334,0.9,1.0,0.37024038218637445,0.2833333333333333,0.19999999999999998,0.6166666666666667,0.0,0.5,0.16248055199204745,0.05,0.03333333333333333,0.55,0.0,0.30333333333333334,-0.012770861568738395,0.4833333333333333,0.33333333333333337,0.6833333333333333,0.0,0.6166666666666667,0.15644116975178052,0.6666666666666666,0.5,0.8333333333333334,0.0,0.5,0.047652031684291773,1.0,1.0,1.0,1.0,1.0,0.22107072041988923,1.0,1.0,1.0,1.0,1.0,0.24009167462820513
this_is_where_i_leave_you,41296320.0,2014.0,19000000.0,16,4.819595833333334,3.775412500000001,3.4192208333333327,1.40855,1.8032145833333326,2.8847145833333303,2.779741666666664,3.593216666666667,17.87834423576389,2.3526817708333323,3.765842361111111,0,1,1,0,0,0,0.7999999999999999,0.6666666666666667,0.8333333333333333,0.0,0.7333333333333332,0.5005934224756323,0.7999999999999999,0.6666666666666667,0.8333333333333333,0.0,0.7749999999999998,0.5713393328529659,0.7999999999999999,0.6666666666666667,0.8333333333333333,0.0,0.6333333333333331,0.4029351978720839,0.9400000000000001,0.9,0.95,0.7,1.0,0.5180838556341941,0.8,0.6666666666666666,0.8333333333333334,0.0,0.8333333333333333,0.14750132471496913,1.0,1.0,1.0,1.0,1.0,0.25199568835290764,0.8,0.6666666666666666,0.8333333333333334,0.0,1.0,0.38844076011980233
thor_ragnarok,855301806.0,2017.0,180000000.0,72,3.1923939814814823,4.64216851851852,5.316515277777775,3.6219018518518515,4.055429629629628,1.6293013888888892,2.0134384259259255,1.5252805555555555,14.440550227654333,3.7518212962962973,2.1156586419753096,1,0,1,1,0,0,0.7999999999999999,0.6666666666666667,0.8333333333333333,0.0,0.9416666666666667,0.4828637759395746,0.7999999999999999,0.6666666666666667,0.8333333333333333,0.0,0.95,0.38537294049006493,0.7999999999999999,0.6666666666666667,0.8333333333333333,0.0,1.0,0.2687922564091491,0.7699999999999999,0.6333333333333334,0.8166666666666667,0.0,0.8950000000000001,0.2164926127474301,0.6666666666666666,0.5,0.6666666666666666,0.0,0.8333333333333334,0.057211393821905265,0.4,0.25,0.5,0.0,0.8055555555555555,0.10118060577619392,0.4,0.25,0.5,0.0,0.6388888888888888,0.08404765423268412
tolkien,9090040.0,2019.0,,30,4.540299999999999,3.388725555555557,3.665193333333333,1.653078888888889,2.514374444444444,2.1032811111111105,3.1034011111111104,3.4427900000000005,15.011582242185195,2.7340119444444446,3.3621237037037037,0,1,0,0,1,0,0.9,0.8333333333333334,0.9166666666666666,0.5,1.0,0.641902016630708,0.5966666666666667,0.4333333333333333,0.7500000000000001,0.0,0.8583333333333332,0.4262372191901903,0.53,0.3666666666666667,0.6833333333333333,0.0,0.8066666666666664,0.17937205846298823,0.51,0.35000000000000003,0.6500000000000001,0.0,0.7499999999999999,0.1891871322663392,0.6666666666666666,0.5,0.8333333333333334,0.0,1.0,0.08560431256145112,0.6666666666666666,0.5,0.8333333333333334,0.0,0.75,0.15166622026718102,0.5,0.3333333333333333,0.6666666666666666,0.0,0.75,0.10862325321711602
tomorrowland,209035668.0,2015.0,190000000.0,40,4.014700833333334,4.105625000000001,4.416495,2.3395858333333335,2.9810425000000005,2.1947766666666673,2.5725441666666664,2.297068333333333,15.871983165916674,3.0774168749999995,2.835515277777778,1,0,0,1,0,0,0.0,0.0,0.25,0.0,0.3308333333333334,-0.09436778740049472,0.67,0.5333333333333334,0.7666666666666667,0.1,0.875,0.39723238432333,0.6966666666666665,0.55,0.7666666666666666,0.0,0.8916666666666666,0.27474927424398654,0.67,0.525,0.7499999999999999,0.0,0.875,0.15561232324980717,0.0,0.0,0.5,0.0,0.45,-0.001054560544344274,0.0,0.0,0.5,0.0,0.45,-0.007859618091169529,0.0,0.0,0.5,0.0,0.3666666666666667,-0.025753327345384436
transcendence,103039258.0,2014.0,100000000.0,35,4.3445342857142855,3.269568571428572,3.8288666666666678,2.0276580952380945,2.6963476190476197,1.7373704761904758,3.431902857142857,3.1455638095238094,13.3298572064127,2.9961938095238096,3.075822857142856,0,1,0,1,0,0,0.53,0.36666666666666664,0.6833333333333333,0.0,0.7649999999999999,0.2882552571301497,0.5166666666666666,0.35000000000000003,0.6666666666666667,0.0,0.6499999999999998,0.1671045359542161,0.49333333333333335,0.33333333333333337,0.6166666666666667,0.0,0.74,0.10735836543992675,0.5833333333333333,0.4166666666666667,0.75,0.0,0.7916666666666665,0.20307346346048863,0.5,0.3333333333333333,0.6666666666666666,0.0,0.8333333333333333,0.04395356951510587,0.8,0.6666666666666666,0.8333333333333334,0.0,0.8333333333333333,0.23384018864646627,0.8,0.6666666666666666,0.8333333333333334,0.0,0.8333333333333333,0.2615444932525259
vacation,107228221.0,2015.0,,32,3.9221281250000013,4.407704166666669,4.386360416666667,2.063471875,2.71238125,2.5155406249999994,2.130990624999999,2.3064822916666667,16.959423048159735,2.8233010416666664,2.914717013888889,0,0,1,0,0,0,0.5666666666666667,0.4,0.7333333333333333,0.0,1.0,0.5770831490249492,0.6,0.4333333333333333,0.7666666666666667,0.0,0.95,0.6139037227009398,0.5833333333333333,0.4166666666666667,0.7500000000000001,0.0,1.0,0.41499495726290725,0.9333333333333332,0.9,0.9666666666666668,0.8,1.0,0.6203042415437602,0.0,0.0,0.6666666666666666,0.0,0.2,-0.00972252934485679,0.6666666666666666,0.5,0.8333333333333334,0.0,0.5,0.07292376514055965,0.0,0.0,0.6666666666666666,0.0,0.5,0.08068754896338542
venom,856085161.0,2018.0,140000000.0,39,3.0262658119658115,4.343840170940173,5.3196358974358935,3.772928205128205,4.509817094017094,1.2600760683760681,2.092916239316239,1.7454196581196577,12.3496508782906,3.9238243589743584,2.0105871794871795,1,0,0,1,0,0,0.7999999999999999,0.6666666666666667,0.8333333333333333,0.0,0.8333333333333333,0.43730051362938144,0.5333333333333333,0.3666666666666667,0.7,0.0,0.8416666666666666,0.36205543945416857,0.5333333333333333,0.3666666666666667,0.7,0.0,0.8166666666666664,0.22370983500535363,0.6199999999999999,0.4666666666666667,0.7333333333333333,0.0,0.8083333333333332,0.22100432311683002,0.8,0.6666666666666666,0.8333333333333334,0.0,1.0,0.2632280180808979,0.8,0.6666666666666666,0.8333333333333334,0.0,1.0,0.2661102673717685,0.8,0.6666666666666666,0.8333333333333334,0.0,0.8333333333333333,0.3099060559326265
wonder_woman,823970682.0,2017.0,149000000.0,47,3.6176496453900717,3.958702836879433,4.815009929078013,3.005319858156027,3.5934304964538994,1.5371340425531914,2.946351773049645,1.9447808510638298,13.670880856950356,3.5900280141843965,2.3665215130023634,1,0,0,1,0,0,0.9199999999999999,0.8666666666666666,0.9333333333333332,0.6,1.0,0.5761995451923463,0.9800000000000001,0.9666666666666666,0.9833333333333334,0.9,1.0,0.6218317016299015,0.86,0.7666666666666667,0.8833333333333332,0.3,1.0,0.45372217874819026,0.9666666666666668,0.95,0.9833333333333332,0.9,1.0,0.3631091831533262,0.8,0.6666666666666666,0.8333333333333334,0.0,1.0,0.1518805281144786,0.5,0.3333333333333333,0.6666666666666666,0.0,0.5833333333333333,0.14053284378768321,0.5,0.3333333333333333,0.6666666666666666,0.0,0.5833333333333333,0.1085690187253705
